Store,Date,Weekly_Sales,Holiday_Flag,Temperature,Fuel_Price,CPI,Unemployment
1,05-02-2010,1515000.45,0,39.86,2.5,209.609,8.213
1,12-02-2010,1733150.04,1,37.08,2.56,210.32,8.269
1,19-02-2010,1530756.73,0,43.04,2.63,209.854,8.22
1,26-02-2010,1484998.34,0,43.74,2.61,210.112,8.107
1,05-03-2010,1691500.75,0,41.59,2.59,210.118,8.22
1,12-03-2010,1657812.38,0,46.1,2.64,210.922,8.117
1,19-03-2010,1618750.84,0,43.66,2.65,210.674,8.138
1,26-03-2010,1622157.79,0,46.27,2.66,210.615,8.196
1,02-04-2010,1666216.14,0,53.31,2.63,210.513,8.22
1,09-04-2010,1771285.24,0,58.01,2.63,210.59,8.188
1,16-04-2010,1647792.75,0,57.0,2.61,210.368,8.089
1,23-04-2010,1934479.46,0,57.83,2.69,210.111,8.074
1,30-04-2010,1834153.0,0,66.63,2.68,210.909,8.064
1,07-05-2010,1792801.08,0,70.64,2.64,210.345,7.978
1,14-05-2010,1762421.05,0,72.03,2.66,210.99,8.04
1,21-05-2010,1870246.38,0,75.22,2.64,210.976,8.008
1,28-05-2010,1825918.87,0,73.68,2.6,211.041,8.019
1,04-06-2010,1860869.97,0,79.41,2.68,211.151,8.047
1,11-06-2010,1816357.79,0,79.19,2.58,210.573,7.917
1,18-06-2010,1755388.06,0,82.84,2.62,210.949,8.17
1,25-06-2010,1802763.35,0,85.63,2.62,211.057,7.937
1,02-07-2010,1788810.77,0,87.14,2.59,211.305,8.048
1,09-07-2010,1746851.08,0,78.75,2.68,211.072,8.039
1,16-07-2010,1779715.57,0,91.34,2.67,210.98,8.025
1,23-07-2010,1771576.74,0,90.41,2.73,211.45,8.145
1,30-07-2010,1621802.55,0,82.09,2.64,211.282,7.853
1,06-08-2010,1747951.73,0,83.08,2.62,211.15,8.013
1,13-08-2010,1731977.61,0,90.93,2.84,211.635,7.874
1,20-08-2010,1455571.64,0,82.65,2.66,211.442,7.904
1,27-08-2010,1584213.47,0,84.17,2.71,211.575,7.853
1,03-09-2010,1430639.96,0,76.0,2.7,212.209,7.961
1,10-09-2010,1891089.51,1,73.72,2.65,211.445,7.867
1,17-09-2010,1653517.55,0,69.98,2.75,211.519,8.025
1,24-09-2010,1490750.99,0,70.0,2.71,211.65,7.968
1,01-10-2010,1399823.46,0,62.93,2.65,211.954,8.073
1,08-10-2010,1415575.5,0,64.44,2.74,212.35,7.928
1,15-10-2010,1350475.1,0,66.36,2.75,212.475,7.916
1,22-10-2010,1273142.58,0,53.45,2.81,212.587,7.872
1,29-10-2010,1311163.41,0,61.78,2.68,211.857,7.945
1,05-11-2010,1618545.23,0,52.97,2.73,212.283,8.013
1,12-11-2010,1643376.26,0,52.74,2.64,212.223,7.78
1,19-11-2010,1526652.48,0,43.96,2.73,212.568,7.723
1,26-11-2010,1915178.36,1,43.02,2.73,212.65,7.901
1,03-12-2010,1728885.27,0,42.05,2.72,212.338,7.863
1,10-12-2010,1639993.6,0,36.29,2.76,212.53,8.083
1,17-12-2010,1789351.45,0,35.46,2.74,212.078,7.763
1,24-12-2010,1978892.16,1,42.24,2.72,212.377,7.599
1,31-12-2010,1955540.87,1,32.04,2.74,212.366,7.796
1,07-01-2011,1236909.85,0,29.64,2.87,212.299,7.688
1,14-01-2011,1505426.68,0,46.7,2.71,212.631,7.823
1,21-01-2011,1525823.79,0,31.07,2.76,213.03,7.824
1,28-01-2011,1405701.35,0,34.78,2.71,212.782,7.745
1,04-02-2011,1480010.9,0,33.75,2.81,213.213,7.779
1,11-02-2011,1795291.27,1,37.19,2.79,212.749,7.787
1,18-02-2011,1521077.05,0,46.69,2.87,213.137,7.671
1,25-02-2011,1475754.55,0,44.73,2.81,213.221,7.564
1,04-03-2011,1671182.47,0,43.73,2.74,212.991,7.756
1,11-03-2011,1635643.5,0,42.95,2.79,213.113,7.737
1,18-03-2011,1787400.42,0,36.28,2.79,213.298,7.743
1,25-03-2011,1665699.96,0,42.15,2.82,213.819,7.552
1,01-04-2011,1802598.17,0,50.65,2.81,213.041,7.663
1,08-04-2011,1870752.78,0,57.2,2.9,213.766,7.732
1,15-04-2011,1938111.81,0,59.61,2.86,213.38,7.686
1,22-04-2011,1742906.63,0,64.82,2.76,213.759,7.652
1,29-04-2011,1932796.57,0,66.86,2.91,213.8,7.506
1,06-05-2011,1836181.66,0,62.11,2.8,214.09,7.718
1,13-05-2011,1790253.22,0,65.59,2.83,213.327,7.579
1,20-05-2011,1892961.63,0,76.97,2.86,213.061,7.668
1,27-05-2011,1875360.01,0,76.52,2.92,213.185,7.57
1,03-06-2011,1924479.06,0,70.85,2.92,213.971,7.706
1,10-06-2011,1812479.75,0,82.49,2.9,213.986,7.636
1,17-06-2011,1883269.01,0,77.56,2.84,213.926,7.643
1,24-06-2011,1938908.39,0,78.26,2.85,214.472,7.521
1,01-07-2011,1755952.1,0,84.45,2.9,214.087,7.72
1,08-07-2011,1889947.1,0,87.81,2.89,214.838,7.559
1,15-07-2011,1610756.09,0,91.31,2.84,214.228,7.702
1,22-07-2011,1623486.23,0,79.98,2.79,214.014,7.606
1,29-07-2011,1782592.11,0,85.82,2.8,213.615,7.559
1,05-08-2011,1666784.13,0,85.92,2.91,214.405,7.621
1,12-08-2011,1694472.52,0,85.23,2.84,214.366,7.557
1,19-08-2011,1709565.28,0,80.22,2.91,214.396,7.517
1,26-08-2011,1674995.76,0,72.19,2.82,214.087,7.287
1,02-09-2011,1520680.3,0,81.24,2.87,214.647,7.621
1,09-09-2011,1937839.66,1,75.77,2.96,214.671,7.42
1,16-09-2011,1461839.06,0,67.71,2.85,214.592,7.575
1,23-09-2011,1601234.48,0,65.48,2.92,214.443,7.534
1,30-09-2011,1434307.63,0,60.91,2.95,214.63,7.425
1,07-10-2011,1339533.67,0,62.72,2.93,214.81,7.503
1,14-10-2011,1414317.5,0,67.65,2.89,214.48,7.568
1,21-10-2011,1343353.89,0,63.81,2.93,214.94,7.488
1,28-10-2011,1477321.77,0,64.66,2.92,215.083,7.552
1,04-11-2011,1591652.44,0,54.74,2.92,215.185,7.353
1,11-11-2011,1515181.07,0,42.27,2.87,215.009,7.399
1,18-11-2011,1793360.85,0,52.27,2.88,215.307,7.379
1,25-11-2011,1894956.5,1,46.05,2.96,215.157,7.518
1,02-12-2011,1535316.47,0,43.01,3.06,215.382,7.546
1,09-12-2011,1640166.05,0,43.23,2.93,215.32,7.316
1,16-12-2011,1677554.55,0,35.7,2.97,215.752,7.423
1,23-12-2011,1633021.87,0,39.42,2.93,215.763,7.194
1,30-12-2011,1944520.76,1,28.47,2.87,215.948,7.459
1,06-01-2012,1310932.15,0,29.59,2.8,215.431,7.603
1,13-01-2012,1412267.56,0,32.88,2.98,215.182,7.323
1,20-01-2012,1414581.16,0,34.66,3.0,215.81,7.411
1,27-01-2012,1386178.08,0,38.84,3.04,215.471,7.247
1,03-02-2012,1563738.05,0,35.09,3.03,215.685,7.473
1,10-02-2012,1779124.11,1,37.84,3.05,215.766,7.225
1,17-02-2012,1496929.32,0,39.91,2.89,216.121,7.257
1,24-02-2012,1655365.12,0,30.13,2.93,215.48,7.219
1,02-03-2012,1619943.18,0,40.9,2.96,215.994,7.314
1,09-03-2012,1552173.56,0,46.61,3.01,216.213,7.341
1,16-03-2012,1693167.82,0,54.33,2.98,216.062,7.202
1,23-03-2012,1613353.9,0,43.82,2.94,216.189,7.302
1,30-03-2012,1736705.9,0,48.5,3.04,216.488,7.244
1,06-04-2012,1703851.02,0,56.65,3.0,215.887,7.245
1,13-04-2012,1811387.92,0,53.82,3.01,215.941,7.377
1,20-04-2012,1924771.03,0,59.42,3.02,215.711,7.119
1,27-04-2012,1805379.04,0,59.14,3.04,217.089,7.109
1,04-05-2012,1771935.04,0,67.33,3.09,216.179,7.243
1,11-05-2012,2032348.36,0,62.64,2.95,216.474,7.158
1,18-05-2012,1948203.56,0,72.93,2.93,216.812,7.144
1,25-05-2012,1997133.17,0,72.01,2.99,216.876,7.269
1,01-06-2012,1920805.05,0,70.12,3.05,216.459,7.208
1,08-06-2012,1742245.23,0,80.74,2.99,216.44,7.248
1,15-06-2012,1891306.14,0,78.32,3.1,216.749,7.171
1,22-06-2012,1882650.46,0,79.82,3.06,216.777,7.118
1,29-06-2012,1968324.48,0,79.33,2.92,217.476,7.406
1,06-07-2012,1787278.82,0,76.61,3.03,216.963,7.124
1,13-07-2012,1702022.39,0,87.17,3.07,216.657,7.204
1,20-07-2012,1959859.95,0,85.69,3.03,217.118,7.187
1,27-07-2012,1598415.1,0,85.44,3.03,217.771,7.1
1,03-08-2012,1863396.4,0,79.78,3.08,217.369,7.022
1,10-08-2012,1703224.04,0,88.12,3.04,216.821,7.099
1,17-08-2012,1580478.46,0,80.63,3.06,216.873,6.931
1,24-08-2012,1660253.91,0,78.32,2.94,217.676,7.111
1,31-08-2012,1530156.39,0,73.26,3.11,217.601,7.314
1,07-09-2012,1870453.77,1,77.93,3.06,217.797,7.13
1,14-09-2012,1613889.05,0,71.9,3.05,217.465,7.138
1,21-09-2012,1597587.72,0,69.56,3.06,217.759,7.026
1,28-09-2012,1524488.31,0,59.63,3.04,217.486,6.81
1,05-10-2012,1357492.93,0,62.1,3.08,218.11,7.009
1,12-10-2012,1327508.1,0,62.56,3.14,217.539,6.934
1,19-10-2012,1414338.9,0,58.9,3.13,217.884,7.087
1,26-10-2012,1285211.36,0,56.73,3.09,217.579,6.852
2,05-02-2010,1083952.01,0,35.71,2.66,209.316,8.05
2,12-02-2010,1314406.28,1,42.99,2.62,210.286,8.078
2,19-02-2010,1127337.93,0,40.32,2.61,210.277,8.164
2,26-02-2010,1238130.39,0,40.86,2.65,210.41,8.013
2,05-03-2010,1108032.47,0,46.22,2.67,209.918,7.98
2,12-03-2010,1281554.26,0,48.17,2.71,210.435,8.121
2,19-03-2010,1243471.22,0,46.96,2.61,210.031,8.355
2,26-03-2010,1445432.54,0,54.11,2.58,210.648,8.205
2,02-04-2010,1380947.01,0,57.38,2.66,210.67,8.197
2,09-04-2010,1396847.59,0,48.16,2.64,210.337,7.996
2,16-04-2010,1511055.85,0,65.2,2.7,210.636,8.251
2,23-04-2010,1412816.11,0,62.1,2.58,210.734,8.114
2,30-04-2010,1334563.8,0,64.08,2.64,211.211,8.189
2,07-05-2010,1441183.59,0,68.21,2.65,210.666,7.983
2,14-05-2010,1439278.16,0,67.05,2.59,210.937,8.122
2,21-05-2010,1326856.49,0,72.23,2.7,211.157,8.177
2,28-05-2010,1463472.99,0,71.83,2.6,210.998,8.104
2,04-06-2010,1555056.89,0,81.89,2.65,210.578,8.025
2,11-06-2010,1474011.94,0,78.7,2.63,211.083,7.999
2,18-06-2010,1406546.78,0,82.49,2.65,211.136,8.068
2,25-06-2010,1360821.47,0,80.75,2.74,210.77,7.821
2,02-07-2010,1297750.99,0,83.89,2.67,211.14,8.145
2,09-07-2010,1226864.14,0,86.12,2.75,210.892,7.977
2,16-07-2010,1346060.34,0,81.36,2.66,211.715,8.191
2,23-07-2010,1355850.16,0,92.59,2.69,211.869,7.989
2,30-07-2010,1366198.12,0,86.11,2.85,211.654,7.919
2,06-08-2010,1398533.06,0,82.52,2.67,211.727,7.985
2,13-08-2010,1327397.81,0,83.0,2.71,211.638,7.78
2,20-08-2010,1326215.17,0,77.65,2.63,211.549,7.973
2,27-08-2010,1213524.65,0,83.23,2.63,211.5,7.898
2,03-09-2010,1227710.89,0,79.06,2.65,211.896,7.955
2,10-09-2010,1286554.89,1,67.88,2.71,211.668,7.93
2,17-09-2010,1176772.61,0,74.17,2.76,211.457,7.814
2,24-09-2010,1090511.61,0,71.78,2.78,211.717,7.673
2,01-10-2010,1033759.86,0,64.5,2.69,211.78,7.919
2,08-10-2010,1090893.61,0,69.11,2.69,211.699,7.954
2,15-10-2010,1004721.67,0,63.49,2.73,211.97,8.057
2,22-10-2010,1037371.42,0,67.17,2.72,211.687,7.897
2,29-10-2010,998819.72,0,52.92,2.75,212.293,7.819
2,05-11-2010,1368565.61,0,57.62,2.81,212.341,8.009
2,12-11-2010,1170974.07,0,48.89,2.7,212.274,7.807
2,19-11-2010,1274071.84,0,55.0,2.73,212.418,7.833
2,26-11-2010,1517265.39,1,44.98,2.77,212.699,8.012
2,03-12-2010,1301093.54,0,45.03,2.69,212.379,7.933
2,10-12-2010,1341285.66,0,41.47,2.8,212.609,7.951
2,17-12-2010,1312723.37,0,37.45,2.77,211.638,7.861
2,24-12-2010,1260236.6,1,30.52,2.78,212.717,7.698
2,31-12-2010,1504783.9,1,41.77,2.74,213.302,7.805
2,07-01-2011,1095397.61,0,41.98,2.77,212.385,7.786
2,14-01-2011,1089786.88,0,29.62,2.76,212.519,7.881
2,21-01-2011,1114229.14,0,33.89,2.77,212.864,7.842
2,28-01-2011,1078195.99,0,31.15,2.83,212.729,7.63
2,04-02-2011,1185000.43,0,37.83,2.71,212.978,7.837
2,11-02-2011,1424483.07,1,39.5,2.72,213.064,7.725
2,18-02-2011,1182502.06,0,41.8,2.86,213.559,7.878
2,25-02-2011,1232335.41,0,41.38,2.83,213.113,7.752
2,04-03-2011,1318933.67,0,41.67,2.76,213.009,7.793
2,11-03-2011,1294426.42,0,45.48,2.83,213.076,7.797
2,18-03-2011,1346188.94,0,41.61,2.87,213.095,7.548
2,25-03-2011,1276773.28,0,45.1,2.81,213.219,7.671
2,01-04-2011,1414375.49,0,53.33,2.83,213.48,7.758
2,08-04-2011,1247896.35,0,53.41,2.7,213.423,7.688
2,15-04-2011,1490007.21,0,62.6,2.83,213.318,7.728
2,22-04-2011,1396896.13,0,60.85,2.87,213.357,7.752
2,29-04-2011,1500146.23,0,60.04,2.87,213.79,7.673
2,06-05-2011,1408631.92,0,63.36,2.8,213.799,7.559
2,13-05-2011,1507193.6,0,64.67,2.82,213.725,7.891
2,20-05-2011,1380206.45,0,78.23,2.84,213.872,7.65
2,27-05-2011,1519470.66,0,74.25,2.91,213.667,7.743
2,03-06-2011,1439354.17,0,76.94,2.79,213.997,7.765
2,10-06-2011,1479094.03,0,78.45,2.79,213.847,7.453
2,17-06-2011,1411639.53,0,81.92,2.91,214.815,7.546
2,24-06-2011,1575825.07,0,83.47,2.84,214.158,7.602
2,01-07-2011,1466483.19,0,82.01,2.79,213.621,7.653
2,08-07-2011,1423730.35,0,82.06,2.86,214.378,7.597
2,15-07-2011,1379551.62,0,89.8,2.94,214.344,7.668
2,22-07-2011,1493942.43,0,89.51,2.9,214.431,7.614
2,29-07-2011,1308785.89,0,87.52,2.8,214.069,7.684
2,05-08-2011,1418348.56,0,90.04,2.86,214.018,7.521
2,12-08-2011,1342962.75,0,83.42,2.93,214.311,7.572
2,19-08-2011,1245317.82,0,83.59,2.88,214.251,7.505
2,26-08-2011,1271521.45,0,79.08,2.97,214.502,7.496
2,02-09-2011,1124573.87,0,74.66,2.87,214.382,7.65
2,09-09-2011,1438776.06,1,81.21,2.89,214.655,7.495
2,16-09-2011,1203301.93,0,80.51,2.78,214.099,7.441
2,23-09-2011,1178470.95,0,73.77,2.92,214.64,7.589
2,30-09-2011,1212856.39,0,68.97,2.95,214.893,7.422
2,07-10-2011,1170371.64,0,65.78,2.9,215.309,7.225
2,14-10-2011,1031653.55,0,57.62,2.89,214.847,7.311
2,21-10-2011,1038296.72,0,55.91,3.03,215.52,7.412
2,28-10-2011,1056808.98,0,51.76,2.82,215.0,7.345
2,04-11-2011,1323677.56,0,47.01,2.88,215.135,7.473
2,11-11-2011,1344385.69,0,45.28,2.96,214.907,7.491
2,18-11-2011,1307705.4,0,42.34,2.91,215.312,7.481
2,25-11-2011,1527829.64,1,51.43,2.98,215.182,7.486
2,02-12-2011,1429707.23,0,50.82,2.87,215.037,7.551
2,09-12-2011,1238313.31,0,35.61,2.91,215.497,7.384
2,16-12-2011,1272652.73,0,36.41,2.9,215.163,7.614
2,23-12-2011,1347127.7,0,41.15,2.92,215.427,7.306
2,30-12-2011,1374787.28,1,30.92,2.86,214.864,7.25
2,06-01-2012,1162250.66,0,35.42,3.01,215.718,7.439
2,13-01-2012,1058306.26,0,37.22,2.99,215.477,7.408
2,20-01-2012,1160790.51,0,32.81,2.9,215.351,7.353
2,27-01-2012,1170398.92,0,32.08,2.96,215.933,7.397
2,03-02-2012,1267371.94,0,40.96,2.91,216.323,7.274
2,10-02-2012,1492600.15,1,37.08,2.95,215.332,7.302
2,17-02-2012,1133360.37,0,41.97,3.05,215.691,7.341
2,24-02-2012,1211398.39,0,37.2,3.01,215.974,7.476
2,02-03-2012,1254097.01,0,45.61,2.98,216.281,7.249
2,09-03-2012,1309825.88,0,43.32,2.94,216.297,7.35
2,16-03-2012,1380365.69,0,52.34,3.06,216.041,7.314
2,23-03-2012,1324562.29,0,48.89,2.96,216.696,7.305
2,30-03-2012,1377351.65,0,56.34,2.88,215.662,7.34
2,06-04-2012,1420522.64,0,55.45,2.93,216.315,7.452
2,13-04-2012,1497236.9,0,58.1,2.98,216.259,7.03
2,20-04-2012,1476207.8,0,63.81,2.92,216.235,7.119
2,27-04-2012,1403166.65,0,63.65,2.9,216.674,7.302
2,04-05-2012,1469737.22,0,56.46,2.96,216.915,6.94
2,11-05-2012,1473464.03,0,64.52,3.05,216.399,7.25
2,18-05-2012,1550078.57,0,79.31,3.01,216.77,7.053
2,25-05-2012,1602131.08,0,71.48,2.99,216.707,7.037
2,01-06-2012,1530778.01,0,80.73,3.04,216.293,7.172
2,08-06-2012,1567534.06,0,71.45,2.97,217.088,7.203
2,15-06-2012,1537157.29,0,88.22,3.05,217.078,7.439
2,22-06-2012,1481566.77,0,79.11,3.05,217.069,7.107
2,29-06-2012,1409211.65,0,92.74,3.05,216.773,7.243
2,06-07-2012,1463291.39,0,83.34,3.07,216.661,7.178
2,13-07-2012,1593084.37,0,86.72,3.03,216.953,7.093
2,20-07-2012,1416029.69,0,83.49,3.09,216.641,7.212
2,27-07-2012,1385491.77,0,86.29,2.99,217.615,7.242
2,03-08-2012,1455139.47,0,78.14,3.1,217.394,6.949
2,10-08-2012,1361582.5,0,84.73,3.09,217.382,7.13
2,17-08-2012,1435333.06,0,86.9,2.92,217.289,7.076
2,24-08-2012,1194958.83,0,80.79,3.13,217.115,7.118
2,31-08-2012,1223504.32,0,75.84,3.14,217.334,7.122
2,07-09-2012,1342143.68,1,83.83,3.1,217.498,7.125
2,14-09-2012,1141321.83,0,78.72,3.06,217.547,7.01
2,21-09-2012,1166918.72,0,74.18,3.09,217.86,7.049
2,28-09-2012,1207200.92,0,66.96,3.19,217.25,7.168
2,05-10-2012,1232724.45,0,62.35,3.2,218.075,7.131
2,12-10-2012,1134171.23,0,61.92,3.08,217.949,7.165
2,19-10-2012,1123735.79,0,56.14,3.13,218.164,7.082
2,26-10-2012,1138158.48,0,55.7,3.05,217.684,6.845
3,05-02-2010,1197257.2,0,24.27,2.54,210.336,8.134
3,12-02-2010,1503065.66,1,31.58,2.68,210.013,8.221
3,19-02-2010,1428028.99,0,44.6,2.59,209.934,8.151
3,26-02-2010,1341247.72,0,39.81,2.59,210.608,8.163
3,05-03-2010,1490424.17,0,42.57,2.7,210.331,8.263
3,12-03-2010,1315858.3,0,41.03,2.64,210.576,8.162
3,19-03-2010,1303666.11,0,41.47,2.55,209.805,8.161
3,26-03-2010,1500084.55,0,49.52,2.51,210.334,8.125
3,02-04-2010,1597185.88,0,46.55,2.61,210.959,8.178
3,09-04-2010,1510750.23,0,55.75,2.65,210.737,8.044
3,16-04-2010,1556367.04,0,52.79,2.65,210.613,8.054
3,23-04-2010,1508296.99,0,58.8,2.58,210.509,7.997
3,30-04-2010,1551019.73,0,59.68,2.68,210.317,8.043
3,07-05-2010,1491711.14,0,72.51,2.66,210.664,8.141
3,14-05-2010,1386748.92,0,69.86,2.75,210.823,8.089
3,21-05-2010,1599700.68,0,76.3,2.55,210.334,8.095
3,28-05-2010,1504814.06,0,80.46,2.64,210.315,7.939
3,04-06-2010,1346142.81,0,76.55,2.65,210.824,8.165
3,11-06-2010,1650717.13,0,78.83,2.56,211.192,8.104
3,18-06-2010,1574653.25,0,85.17,2.61,211.666,7.945
3,25-06-2010,1598357.92,0,75.93,2.62,211.574,8.006
3,02-07-2010,1591619.87,0,84.72,2.67,211.584,8.0
3,09-07-2010,1376777.82,0,81.32,2.7,211.349,7.859
3,16-07-2010,1438439.37,0,82.61,2.66,210.874,7.944
3,23-07-2010,1417601.17,0,88.06,2.72,211.299,7.959
3,30-07-2010,1457896.61,0,81.38,2.63,211.117,7.927
3,06-08-2010,1339790.79,0,84.62,2.73,210.978,7.984
3,13-08-2010,1380548.92,0,84.31,2.69,211.074,7.847
3,20-08-2010,1370231.12,0,85.69,2.59,211.67,8.084
3,27-08-2010,1329654.37,0,82.11,2.67,211.587,7.795
3,03-09-2010,1157661.35,0,81.71,2.66,211.542,7.81
3,10-09-2010,1407261.76,1,75.02,2.67,211.848,7.985
3,17-09-2010,1275470.04,0,74.22,2.79,211.47,7.926
3,24-09-2010,1298216.9,0,75.68,2.64,211.752,8.059
3,01-10-2010,1233915.23,0,68.61,2.71,211.787,7.944
3,08-10-2010,1164948.58,0,64.75,2.73,211.755,7.96
3,15-10-2010,1327252.27,0,54.83,2.74,211.786,7.956
3,22-10-2010,1142157.24,0,61.97,2.79,212.128,8.003
3,29-10-2010,991609.52,0,62.29,2.75,212.449,7.759
3,05-11-2010,1329864.14,0,53.58,2.74,212.267,7.981
3,12-11-2010,1253499.99,0,54.06,2.74,212.177,7.717
3,19-11-2010,1400686.68,0,37.81,2.78,211.846,7.861
3,26-11-2010,1597645.95,1,49.64,2.74,212.141,7.797
3,03-12-2010,1448800.18,0,44.81,2.73,212.335,7.682
3,10-12-2010,1393037.8,0,33.59,2.79,212.5,8.069
3,17-12-2010,1299508.38,0,38.46,2.85,212.875,7.753
3,24-12-2010,1656128.93,1,37.42,2.77,212.364,7.805
3,31-12-2010,1525136.73,1,36.83,2.79,212.561,7.644
3,07-01-2011,1196543.71,0,36.97,2.73,212.601,7.647
3,14-01-2011,1099902.27,0,32.93,2.83,212.549,7.853
3,21-01-2011,1149186.21,0,36.01,2.77,213.059,7.727
3,28-01-2011,1110043.51,0,29.79,2.75,212.478,7.813
3,04-02-2011,1201738.58,0,45.47,2.69,212.97,7.651
3,11-02-2011,1447210.59,1,37.54,2.67,213.036,7.946
3,18-02-2011,1256470.79,0,39.35,2.84,212.972,7.689
3,25-02-2011,1164862.99,0,42.53,2.79,212.773,7.751
3,04-03-2011,1304276.48,0,39.8,2.83,212.731,7.835
3,11-03-2011,1276464.33,0,41.46,2.9,213.527,7.731
3,18-03-2011,1334803.17,0,44.43,2.81,213.256,7.704
3,25-03-2011,1425776.6,0,48.32,2.73,213.146,7.796
3,01-04-2011,1354425.74,0,51.21,2.77,213.39,7.658
3,08-04-2011,1587237.59,0,56.9,2.75,213.614,7.611
3,15-04-2011,1456825.22,0,59.11,2.79,213.736,7.602
3,22-04-2011,1472693.83,0,58.24,2.79,213.854,7.734
3,29-04-2011,1668017.18,0,72.93,2.77,213.602,7.545
3,06-05-2011,1490312.74,0,64.28,2.77,213.321,7.64
3,13-05-2011,1466420.07,0,73.01,2.78,214.535,7.601
3,20-05-2011,1574561.55,0,67.16,2.92,214.084,7.667
3,27-05-2011,1467074.27,0,75.71,2.78,214.243,7.71
3,03-06-2011,1581126.44,0,67.43,2.79,214.066,7.742
3,10-06-2011,1657867.51,0,72.87,2.86,214.221,7.447
3,17-06-2011,1563841.06,0,82.11,2.83,213.416,7.572
3,24-06-2011,1529376.24,0,81.9,2.82,213.895,7.592
3,01-07-2011,1576096.21,0,82.42,2.83,214.112,7.395
3,08-07-2011,1562534.63,0,84.44,2.86,214.428,7.384
3,15-07-2011,1358726.11,0,85.99,2.86,214.247,7.524
3,22-07-2011,1535741.15,0,88.72,2.89,214.173,7.351
3,29-07-2011,1519302.97,0,89.6,2.9,214.044,7.621
3,05-08-2011,1499704.13,0,90.32,2.83,214.296,7.62
3,12-08-2011,1415206.63,0,78.64,2.9,214.593,7.546
3,19-08-2011,1398560.85,0,80.76,2.95,214.205,7.47
3,26-08-2011,1355638.52,0,83.68,2.81,214.138,7.317
3,02-09-2011,1328305.21,0,73.77,2.87,214.786,7.448
3,09-09-2011,1548780.82,1,74.85,2.92,214.786,7.434
3,16-09-2011,1258760.01,0,77.81,2.91,214.28,7.561
3,23-09-2011,1175002.92,0,76.66,2.95,214.842,7.502
3,30-09-2011,1203940.13,0,70.95,2.88,214.882,7.566
3,07-10-2011,1159174.01,0,62.87,2.84,214.548,7.287
3,14-10-2011,1213514.51,0,69.6,2.98,214.435,7.534
3,21-10-2011,1233184.13,0,57.53,2.92,214.377,7.48
3,28-10-2011,1074215.48,0,57.15,2.84,215.198,7.547
3,04-11-2011,1346048.85,0,48.86,2.81,215.011,7.378
3,11-11-2011,1279961.29,0,52.37,2.9,214.824,7.373
3,18-11-2011,1452201.55,0,50.25,2.92,215.389,7.303
3,25-11-2011,1623289.82,1,45.89,2.91,215.389,7.333
3,02-12-2011,1407873.62,0,45.19,2.79,215.672,7.098
3,09-12-2011,1334270.67,0,45.0,2.92,214.931,7.285
3,16-12-2011,1455893.23,0,31.42,3.0,215.41,7.267
3,23-12-2011,1356376.38,0,33.54,2.99,215.702,7.206
3,30-12-2011,1634225.93,1,32.98,3.01,215.133,7.53
3,06-01-2012,1144977.9,0,30.95,2.92,215.354,7.233
3,13-01-2012,1171342.56,0,30.21,2.84,215.536,7.172
3,20-01-2012,1142629.85,0,31.37,2.91,216.307,7.35
3,27-01-2012,1225834.93,0,28.15,2.93,215.827,7.233
3,03-02-2012,1292709.4,0,31.05,2.95,215.642,7.344
3,10-02-2012,1443384.71,1,35.73,2.96,215.654,7.367
3,17-02-2012,1307318.76,0,37.75,2.95,216.169,7.287
3,24-02-2012,1300634.98,0,40.13,3.06,215.584,7.379
3,02-03-2012,1222366.18,0,42.48,3.06,216.189,7.311
3,09-03-2012,1340688.1,0,43.91,2.97,215.862,7.256
3,16-03-2012,1421943.85,0,43.12,2.94,215.746,7.316
3,23-03-2012,1474816.35,0,49.72,3.04,216.236,7.308
3,30-03-2012,1484231.7,0,51.2,2.97,216.93,7.215
3,06-04-2012,1437151.44,0,56.19,3.01,215.9,7.364
3,13-04-2012,1502088.99,0,52.98,3.06,216.565,7.117
3,20-04-2012,1665239.87,0,63.07,3.0,216.911,7.251
3,27-04-2012,1544626.21,0,60.79,3.03,216.632,7.228
3,04-05-2012,1499638.59,0,66.9,3.01,216.145,7.071
3,11-05-2012,1617108.53,0,58.84,3.02,216.458,7.341
3,18-05-2012,1541711.85,0,74.61,3.0,216.691,7.275
3,25-05-2012,1548663.94,0,78.51,2.97,216.802,7.285
3,01-06-2012,1638806.39,0,84.53,2.98,216.355,7.085
3,08-06-2012,1636372.59,0,80.95,3.03,216.488,7.253
3,15-06-2012,1481562.61,0,85.42,3.17,216.991,7.226
3,22-06-2012,1530296.26,0,75.06,3.0,216.609,7.015
3,29-06-2012,1690506.68,0,84.59,3.06,216.9,7.134
3,06-07-2012,1615221.96,0,84.22,3.07,216.99,7.108
3,13-07-2012,1415408.49,0,76.94,3.03,217.122,7.006
3,20-07-2012,1498955.97,0,85.21,2.94,216.886,7.167
3,27-07-2012,1506924.85,0,80.16,3.06,217.524,7.195
3,03-08-2012,1446239.12,0,82.33,3.02,217.413,7.129
3,10-08-2012,1471344.14,0,83.8,3.1,217.357,7.179
3,17-08-2012,1459473.61,0,78.78,2.97,217.848,7.118
3,24-08-2012,1252505.66,0,77.56,3.1,217.357,7.033
3,31-08-2012,1434893.69,0,74.34,3.03,217.56,7.115
3,07-09-2012,1586668.67,1,80.02,3.08,217.699,7.041
3,14-09-2012,1287706.47,0,74.42,3.09,217.84,7.114
3,21-09-2012,1258988.14,0,68.16,3.08,217.656,7.07
3,28-09-2012,1365768.09,0,66.55,3.1,218.041,7.052
3,05-10-2012,1346539.67,0,64.25,3.1,217.537,6.998
3,12-10-2012,1197954.36,0,66.18,3.11,218.21,7.016
3,19-10-2012,1143911.74,0,70.6,3.11,217.672,6.947
3,26-10-2012,1091907.16,0,60.53,3.08,217.982,7.002
4,05-02-2010,1284213.62,0,36.99,2.63,210.1,8.119
4,12-02-2010,1691929.59,1,34.17,2.58,209.773,8.322
4,19-02-2010,1462512.19,0,40.95,2.67,210.956,8.012
4,26-02-2010,1395523.29,0,37.76,2.57,209.845,8.145
4,05-03-2010,1390550.33,0,43.55,2.62,210.368,8.217
4,12-03-2010,1557532.13,0,42.96,2.72,210.35,7.972
4,19-03-2010,1465242.41,0,39.95,2.62,210.299,8.103
4,26-03-2010,1730049.89,0,51.77,2.66,210.112,8.041
4,02-04-2010,1602778.09,0,53.07,2.54,210.393,8.134
4,09-04-2010,1608186.27,0,52.04,2.6,210.45,8.134
4,16-04-2010,1699006.49,0,62.6,2.62,210.423,8.16
4,23-04-2010,1720883.08,0,59.55,2.68,210.909,8.237
4,30-04-2010,1837659.18,0,60.82,2.64,210.675,8.089
4,07-05-2010,1646794.17,0,61.27,2.65,210.497,8.1
4,14-05-2010,1644992.43,0,65.64,2.66,210.828,8.14
4,21-05-2010,1908325.14,0,73.83,2.68,210.516,7.945
4,28-05-2010,1860284.32,0,71.52,2.6,210.883,8.057
4,04-06-2010,1645817.78,0,76.27,2.72,210.709,7.918
4,11-06-2010,1800570.21,0,81.48,2.63,210.532,7.974
4,18-06-2010,1707033.16,0,85.91,2.61,211.038,8.108
4,25-06-2010,1497825.84,0,86.81,2.61,211.218,8.057
4,02-07-2010,1776739.63,0,85.98,2.55,210.939,8.038
4,09-07-2010,1650915.45,0,86.44,2.72,211.413,7.994
4,16-07-2010,1494046.48,0,83.11,2.7,210.96,8.07
4,23-07-2010,1695821.75,0,85.48,2.53,210.959,8.187
4,30-07-2010,1552334.61,0,76.71,2.75,211.403,8.101
4,06-08-2010,1589496.5,0,85.8,2.71,211.664,8.21
4,13-08-2010,1612742.43,0,76.62,2.72,211.853,8.094
4,20-08-2010,1475075.44,0,86.24,2.74,212.338,7.89
4,27-08-2010,1438261.93,0,78.68,2.68,211.355,7.68
4,03-09-2010,1412566.88,0,79.42,2.68,212.259,7.95
4,10-09-2010,1774260.42,1,76.76,2.75,211.818,8.077
4,17-09-2010,1385474.14,0,75.25,2.73,211.704,7.972
4,24-09-2010,1502954.19,0,69.54,2.74,212.223,8.037
4,01-10-2010,1324566.93,0,58.29,2.74,211.236,8.062
4,08-10-2010,1308629.73,0,68.92,2.68,211.492,7.932
4,15-10-2010,1271683.67,0,59.97,2.73,212.844,7.981
4,22-10-2010,1318440.25,0,62.3,2.8,212.013,7.684
4,29-10-2010,1222939.34,0,59.18,2.68,212.073,7.812
4,05-11-2010,1639143.4,0,55.99,2.77,212.368,7.869
4,12-11-2010,1525312.03,0,45.42,2.63,212.283,7.897
4,19-11-2010,1591422.12,0,53.75,2.82,211.994,7.821
4,26-11-2010,1807263.37,1,55.09,2.82,212.685,7.809
4,03-12-2010,1429344.55,0,45.82,2.7,212.334,7.828
4,10-12-2010,1619310.63,0,39.21,2.63,212.613,7.761
4,17-12-2010,1512227.4,0,38.52,2.74,212.755,7.669
4,24-12-2010,1750356.38,1,40.15,2.73,212.091,7.881
4,31-12-2010,1920202.07,1,36.11,2.67,212.841,7.64
4,07-01-2011,1269627.67,0,31.96,2.71,212.553,7.779
4,14-01-2011,1230097.4,0,37.44,2.75,213.035,7.817
4,21-01-2011,1249310.44,0,31.55,2.69,212.884,7.745
4,28-01-2011,1163648.51,0,33.17,2.73,213.326,7.602
4,04-02-2011,1250865.56,0,40.41,2.85,212.686,7.7
4,11-02-2011,1675372.64,1,27.67,2.69,212.881,7.91
4,18-02-2011,1377205.71,0,38.72,2.85,213.653,7.689
4,25-02-2011,1437888.83,0,47.25,2.72,213.385,7.637
4,04-03-2011,1478114.04,0,40.94,2.75,212.838,7.758
4,11-03-2011,1576615.42,0,43.6,2.8,213.36,7.625
4,18-03-2011,1589157.9,0,49.83,2.93,213.132,7.667
4,25-03-2011,1622056.72,0,52.46,2.78,213.18,7.759
4,01-04-2011,1524197.76,0,50.33,2.81,213.655,7.636
4,08-04-2011,1467173.49,0,47.21,2.75,213.019,7.673
4,15-04-2011,1542301.72,0,55.04,2.78,213.336,7.812
4,22-04-2011,1715818.42,0,60.93,2.8,213.395,7.704
4,29-04-2011,1727991.08,0,60.23,2.83,212.971,7.684
4,06-05-2011,1758368.71,0,65.68,2.92,213.372,7.676
4,13-05-2011,1702187.41,0,69.24,2.83,213.724,7.731
4,20-05-2011,1831052.43,0,72.34,2.88,213.538,7.714
4,27-05-2011,1651698.48,0,79.23,2.95,213.768,7.41
4,03-06-2011,1670340.36,0,82.1,2.87,213.935,7.722
4,10-06-2011,1755406.46,0,84.11,2.89,214.373,7.648
4,17-06-2011,1783881.14,0,79.79,2.82,214.484,7.626
4,24-06-2011,1763978.13,0,82.99,2.82,214.031,7.739
4,01-07-2011,1728029.48,0,76.79,2.84,214.619,7.566
4,08-07-2011,1513919.87,0,92.02,2.89,214.119,7.542
4,15-07-2011,1731926.28,0,82.73,2.92,214.358,7.595
4,22-07-2011,1631390.06,0,84.29,2.92,213.992,7.4
4,29-07-2011,1642782.68,0,87.24,2.89,214.43,7.522
4,05-08-2011,1627677.41,0,83.9,2.85,214.27,7.748
4,12-08-2011,1403307.68,0,85.11,2.79,214.387,7.494
4,19-08-2011,1349007.61,0,83.35,2.86,213.846,7.613
4,26-08-2011,1580482.43,0,86.12,2.9,214.545,7.653
4,02-09-2011,1564435.48,0,82.77,2.84,214.648,7.556
4,09-09-2011,1514963.1,1,77.93,3.0,214.835,7.651
4,16-09-2011,1393380.58,0,73.34,2.91,214.455,7.399
4,23-09-2011,1436522.34,0,76.5,2.85,215.046,7.478
4,30-09-2011,1345187.91,0,70.08,2.95,214.836,7.619
4,07-10-2011,1316406.07,0,67.83,2.86,215.515,7.517
4,14-10-2011,1317630.19,0,55.93,2.87,215.294,7.49
4,21-10-2011,1131140.26,0,63.51,2.88,215.402,7.444
4,28-10-2011,1244944.72,0,61.07,2.87,214.737,7.425
4,04-11-2011,1584220.56,0,48.08,2.83,215.338,7.376
4,11-11-2011,1476931.54,0,43.13,2.89,215.145,7.521
4,18-11-2011,1438454.66,0,54.47,2.89,214.998,7.573
4,25-11-2011,1777346.99,1,43.1,2.92,215.665,7.558
4,02-12-2011,1428681.52,0,42.81,2.94,215.019,7.397
4,09-12-2011,1493692.6,0,45.46,3.0,215.272,7.373
4,16-12-2011,1551637.77,0,36.76,2.97,215.4,7.289
4,23-12-2011,1442304.75,0,43.39,2.93,215.975,7.326
4,30-12-2011,1834266.32,1,46.0,2.89,214.969,7.498
4,06-01-2012,1191531.87,0,35.52,2.92,215.675,7.266
4,13-01-2012,1251776.64,0,36.92,2.9,215.44,7.318
4,20-01-2012,1194227.53,0,33.32,2.96,215.586,7.317
4,27-01-2012,1310175.38,0,32.63,2.99,216.193,7.289
4,03-02-2012,1371369.62,0,34.9,2.98,216.288,7.378
4,10-02-2012,1471031.56,1,38.63,3.03,215.808,7.418
4,17-02-2012,1349944.36,0,32.16,2.98,215.403,7.287
4,24-02-2012,1521179.44,0,32.07,2.91,215.676,7.296
4,02-03-2012,1433864.21,0,47.21,3.03,216.191,7.308
4,09-03-2012,1521119.42,0,40.34,3.02,215.764,7.369
4,16-03-2012,1612706.23,0,47.03,2.98,216.274,6.991
4,23-03-2012,1575464.2,0,48.34,2.99,216.422,7.261
4,30-03-2012,1490052.17,0,51.0,2.99,216.3,7.276
4,06-04-2012,1689870.83,0,50.11,3.0,216.709,7.078
4,13-04-2012,1645030.49,0,55.08,2.98,216.106,7.226
4,20-04-2012,1803843.92,0,55.37,2.94,216.043,7.408
4,27-04-2012,1631639.58,0,63.33,2.99,216.206,7.203
4,04-05-2012,1892712.0,0,71.95,2.97,216.74,7.135
4,11-05-2012,1546656.13,0,73.32,3.07,216.915,7.163
4,18-05-2012,1691491.73,0,74.97,3.04,216.539,7.039
4,25-05-2012,1720047.34,0,78.84,2.96,216.905,7.226
4,01-06-2012,1775312.36,0,80.35,2.99,216.284,7.131
4,08-06-2012,1784110.41,0,76.79,2.99,216.279,7.351
4,15-06-2012,1771714.81,0,83.86,3.08,217.054,7.143
4,22-06-2012,1677272.79,0,80.59,3.17,217.104,7.113
4,29-06-2012,1716313.23,0,79.45,3.11,216.795,7.201
4,06-07-2012,1748616.21,0,85.89,3.05,217.052,7.137
4,13-07-2012,1592654.12,0,83.06,3.12,217.072,7.056
4,20-07-2012,1575250.38,0,89.4,3.08,217.329,7.1
4,27-07-2012,1637246.78,0,82.2,3.04,217.508,7.205
4,03-08-2012,1487389.78,0,80.78,3.06,217.791,6.918
4,10-08-2012,1556451.03,0,77.76,3.03,217.219,7.059
4,17-08-2012,1464588.03,0,82.03,3.03,216.946,7.17
4,24-08-2012,1529079.9,0,83.79,2.99,217.53,7.152
4,31-08-2012,1367757.9,0,78.57,3.06,218.049,7.268
4,07-09-2012,1526122.22,1,86.35,3.03,217.847,7.164
4,14-09-2012,1311187.69,0,75.96,3.07,217.775,7.082
4,21-09-2012,1430805.43,0,71.7,3.07,217.993,7.108
4,28-09-2012,1370006.94,0,65.98,3.03,217.55,6.98
4,05-10-2012,1345996.85,0,69.66,3.08,218.205,7.17
4,12-10-2012,1286218.02,0,59.5,3.17,217.814,7.038
4,19-10-2012,1227787.77,0,56.23,3.02,218.078,6.938
4,26-10-2012,1418310.65,0,52.44,3.03,218.097,7.161
5,05-02-2010,1416529.59,0,33.38,2.55,209.431,8.212
5,12-02-2010,1670920.58,1,31.86,2.58,209.807,8.231
5,19-02-2010,1655611.15,0,42.11,2.64,210.454,8.183
5,26-02-2010,1692568.89,0,42.27,2.62,210.049,8.142
5,05-03-2010,1634427.54,0,43.9,2.61,210.025,8.1
5,12-03-2010,1635273.48,0,48.36,2.62,210.021,8.239
5,19-03-2010,1726553.57,0,41.29,2.67,210.175,8.109
5,26-03-2010,1814447.62,0,54.14,2.63,210.032,8.196
5,02-04-2010,1798588.1,0,59.93,2.63,209.777,8.169
5,09-04-2010,2055731.45,0,61.6,2.72,210.198,8.216
5,16-04-2010,1832488.47,0,59.18,2.57,210.366,8.048
5,23-04-2010,2012061.78,0,64.49,2.65,210.21,8.077
5,30-04-2010,1873896.16,0,67.76,2.7,210.988,8.024
5,07-05-2010,1694720.42,0,60.14,2.72,210.607,8.016
5,14-05-2010,2139239.53,0,75.1,2.65,210.695,8.069
5,21-05-2010,2008393.88,0,79.12,2.67,211.057,8.191
5,28-05-2010,1874060.88,0,78.23,2.64,210.14,7.853
5,04-06-2010,1889368.46,0,79.61,2.67,211.006,8.252
5,11-06-2010,1860490.78,0,79.4,2.68,210.786,8.052
5,18-06-2010,1819812.16,0,86.89,2.63,211.672,8.037
5,25-06-2010,2066373.37,0,82.46,2.67,210.944,8.044
5,02-07-2010,1979610.25,0,80.64,2.67,210.992,8.254
5,09-07-2010,1919480.55,0,90.71,2.67,211.309,7.883
5,16-07-2010,1861596.83,0,85.78,2.76,211.353,8.145
5,23-07-2010,1937204.74,0,91.48,2.68,212.06,7.95
5,30-07-2010,1776460.28,0,79.81,2.8,211.644,7.957
5,06-08-2010,1928503.9,0,86.72,2.79,210.99,7.955
5,13-08-2010,1740026.9,0,75.04,2.75,211.429,8.047
5,20-08-2010,1951974.04,0,80.17,2.68,211.602,8.064
5,27-08-2010,1661460.27,0,77.38,2.75,211.736,7.752
5,03-09-2010,1571034.45,0,83.95,2.72,211.45,7.931
5,10-09-2010,1933513.54,1,78.66,2.64,211.482,7.967
5,17-09-2010,1594182.76,0,75.56,2.65,211.897,8.041
5,24-09-2010,1606341.73,0,71.18,2.71,211.596,7.916
5,01-10-2010,1632700.19,0,67.35,2.67,211.754,7.935
5,08-10-2010,1477886.8,0,66.86,2.75,212.225,8.049
5,15-10-2010,1552409.27,0,58.2,2.68,211.991,7.853
5,22-10-2010,1371857.04,0,57.16,2.71,211.868,7.858
5,29-10-2010,1518484.34,0,56.73,2.86,212.177,7.852
5,05-11-2010,1771742.67,0,54.02,2.76,212.805,7.788
5,12-11-2010,1830688.44,0,50.99,2.66,212.469,7.991
5,19-11-2010,1669715.99,0,47.43,2.66,211.916,7.961
5,26-11-2010,2004286.68,1,40.52,2.76,212.193,7.8
5,03-12-2010,1803543.19,0,38.02,2.71,212.452,7.936
5,10-12-2010,1852945.66,0,37.97,2.8,212.226,8.013
5,17-12-2010,1656498.13,0,44.18,2.72,213.121,7.882
5,24-12-2010,1985264.71,1,35.33,2.8,212.889,7.807
5,31-12-2010,2121606.15,1,39.32,2.77,212.241,7.724
5,07-01-2011,1473300.15,0,40.37,2.85,212.919,7.826
5,14-01-2011,1536143.31,0,32.42,2.76,212.494,7.664
5,21-01-2011,1533549.33,0,35.76,2.81,212.961,7.805
5,28-01-2011,1581678.67,0,35.15,2.8,212.635,7.809
5,04-02-2011,1624168.44,0,33.29,2.78,212.722,7.711
5,11-02-2011,1788820.37,1,42.04,2.84,213.126,7.952
5,18-02-2011,1626779.84,0,50.44,2.78,213.098,7.707
5,25-02-2011,1710451.56,0,43.31,2.79,213.61,7.762
5,04-03-2011,1739595.19,0,38.27,2.82,213.093,7.669
5,11-03-2011,1685286.81,0,54.8,2.79,212.752,7.652
5,18-03-2011,1784974.46,0,48.74,2.83,213.448,7.649
5,25-03-2011,1855608.94,0,45.68,2.78,213.025,7.586
5,01-04-2011,1956595.32,0,54.72,2.86,213.368,7.774
5,08-04-2011,1722362.51,0,58.32,2.82,213.601,7.726
5,15-04-2011,1822335.15,0,51.86,2.78,213.638,7.749
5,22-04-2011,1809261.92,0,56.94,2.78,213.417,7.535
5,29-04-2011,1824159.55,0,60.57,2.83,213.226,7.651
5,06-05-2011,2086601.1,0,61.59,2.82,213.944,7.613
5,13-05-2011,1938368.65,0,74.3,2.82,214.024,7.689
5,20-05-2011,1970904.89,0,74.26,2.85,214.055,7.583
5,27-05-2011,2014729.53,0,74.62,2.87,213.497,7.731
5,03-06-2011,2058357.6,0,71.91,2.9,214.53,7.721
5,10-06-2011,2151142.55,0,79.58,2.76,213.363,7.638
5,17-06-2011,1940719.16,0,77.36,2.85,214.157,7.459
5,24-06-2011,1943063.52,0,88.53,2.8,214.289,7.547
5,01-07-2011,2025140.18,0,88.03,2.89,214.357,7.472
5,08-07-2011,2059805.61,0,81.04,2.87,214.217,7.628
5,15-07-2011,1959892.78,0,81.52,2.79,214.458,7.589
5,22-07-2011,2009690.68,0,84.81,2.8,214.542,7.525
5,29-07-2011,1902701.57,0,82.13,2.95,214.045,7.52
5,05-08-2011,1848451.03,0,79.72,2.89,214.847,7.496
5,12-08-2011,1840179.15,0,72.11,2.87,214.326,7.455
5,19-08-2011,1864728.45,0,80.49,2.87,214.362,7.337
5,26-08-2011,1634651.58,0,84.01,2.78,214.302,7.48
5,02-09-2011,1843875.48,0,81.31,2.86,214.979,7.438
5,09-09-2011,2056993.01,1,70.62,2.94,214.522,7.401
5,16-09-2011,1606039.08,0,74.74,2.87,214.865,7.437
5,23-09-2011,1638378.23,0,72.78,2.89,214.623,7.502
5,30-09-2011,1599066.93,0,76.48,2.95,215.104,7.787
5,07-10-2011,1564997.76,0,67.28,2.94,214.564,7.426
5,14-10-2011,1459799.46,0,64.95,2.9,214.965,7.57
5,21-10-2011,1536420.07,0,58.71,2.88,215.32,7.531
5,28-10-2011,1334888.72,0,55.1,2.92,215.269,7.536
5,04-11-2011,1817733.96,0,55.75,2.92,214.889,7.41
5,11-11-2011,1776984.48,0,50.42,2.83,215.028,7.434
5,18-11-2011,1738788.43,0,46.86,2.95,214.879,7.257
5,25-11-2011,2037599.39,1,48.36,3.01,215.493,7.264
5,02-12-2011,1736305.22,0,44.01,2.94,215.476,7.311
5,09-12-2011,1767366.81,0,42.58,2.98,215.129,7.36
5,16-12-2011,1532530.25,0,36.62,2.91,215.121,7.403
5,23-12-2011,1782938.13,0,28.57,2.95,215.204,7.426
5,30-12-2011,1997736.42,1,36.55,2.93,215.629,7.382
5,06-01-2012,1449110.12,0,29.45,2.88,215.419,7.36
5,13-01-2012,1446742.92,0,37.62,2.94,215.361,7.325
5,20-01-2012,1536819.02,0,36.31,3.05,215.506,7.337
5,27-01-2012,1583076.3,0,35.16,2.94,215.297,7.285
5,03-02-2012,1497889.87,0,28.95,2.92,215.504,7.386
5,10-02-2012,1966176.77,1,33.2,2.95,215.317,7.269
5,17-02-2012,1686848.6,0,41.4,2.93,216.246,7.159
5,24-02-2012,1585523.16,0,42.55,3.06,216.134,7.298
5,02-03-2012,1538839.7,0,33.52,2.98,215.935,7.183
5,09-03-2012,1771767.09,0,44.24,3.03,216.139,7.408
5,16-03-2012,1803438.25,0,45.73,3.04,215.86,7.558
5,23-03-2012,1872739.4,0,50.32,3.01,216.773,7.348
5,30-03-2012,1721823.98,0,57.18,2.97,216.298,7.132
5,06-04-2012,1953758.14,0,51.85,3.0,216.236,7.444
5,13-04-2012,2124172.58,0,57.61,3.0,216.266,7.354
5,20-04-2012,1926292.63,0,58.74,3.05,216.272,7.231
5,27-04-2012,1824310.37,0,66.25,3.1,216.706,7.373
5,04-05-2012,1915004.76,0,67.33,2.96,216.477,7.295
5,11-05-2012,2024481.24,0,63.59,2.95,216.187,7.259
5,18-05-2012,2233540.63,0,77.42,2.92,217.084,7.295
5,25-05-2012,1873709.85,0,73.31,3.07,216.878,7.062
5,01-06-2012,2094177.36,0,68.31,3.01,217.111,7.186
5,08-06-2012,1978524.83,0,82.52,3.08,217.218,7.264
5,15-06-2012,2131033.03,0,83.71,3.04,216.908,7.144
5,22-06-2012,1888118.82,0,78.48,3.02,217.009,7.304
5,29-06-2012,1989866.95,0,87.51,3.09,216.924,7.211
5,06-07-2012,1950141.43,0,89.64,3.07,216.692,7.159
5,13-07-2012,2111435.19,0,84.13,3.07,217.269,7.031
5,20-07-2012,1973029.25,0,79.42,3.02,217.484,7.162
5,27-07-2012,1865376.84,0,86.56,3.05,217.221,7.183
5,03-08-2012,1794339.31,0,84.36,3.04,216.797,7.017
5,10-08-2012,1971234.58,0,84.81,2.99,216.867,7.089
5,17-08-2012,1932161.1,0,81.25,3.13,217.49,7.139
5,24-08-2012,1638381.58,0,84.16,3.05,217.699,7.002
5,31-08-2012,1733781.29,0,79.94,3.06,217.618,7.049
5,07-09-2012,1919896.53,1,82.8,3.12,217.324,7.124
5,14-09-2012,1584187.49,0,69.25,3.13,217.097,7.151
5,21-09-2012,1589791.7,0,70.55,3.1,217.839,6.968
5,28-09-2012,1633263.11,0,69.09,3.02,217.669,7.18
5,05-10-2012,1674958.0,0,68.63,3.03,217.923,7.119
5,12-10-2012,1571808.86,0,65.93,3.11,217.81,6.964
5,19-10-2012,1349688.82,0,61.14,3.1,218.055,6.883
5,26-10-2012,1516442.24,0,65.0,3.1,217.926,7.039
6,05-02-2010,1087040.47,0,32.9,2.57,209.985,8.335
6,12-02-2010,1414851.76,1,38.94,2.58,210.804,8.149
6,19-02-2010,1092609.63,0,31.43,2.68,210.402,8.425
6,26-02-2010,1070114.55,0,46.06,2.61,210.41,8.01
6,05-03-2010,1261750.79,0,45.35,2.61,210.417,8.09
6,12-03-2010,1165936.94,0,42.6,2.52,210.538,8.277
6,19-03-2010,1182451.37,0,48.31,2.61,210.434,8.087
6,26-03-2010,1194030.82,0,53.78,2.62,210.998,8.146
6,02-04-2010,1212855.72,0,57.28,2.66,210.666,8.252
6,09-04-2010,1250503.92,0,54.79,2.62,210.116,8.098
6,16-04-2010,1399425.73,0,59.23,2.57,210.093,8.283
6,23-04-2010,1322699.52,0,58.7,2.62,210.172,8.25
6,30-04-2010,1316833.49,0,69.75,2.64,211.1,8.125
6,07-05-2010,1412974.96,0,70.09,2.68,210.832,8.068
6,14-05-2010,1494983.01,0,66.41,2.65,210.788,8.123
6,21-05-2010,1341144.81,0,73.98,2.64,210.365,8.075
6,28-05-2010,1298242.31,0,68.27,2.66,211.041,8.118
6,04-06-2010,1413041.09,0,69.76,2.59,211.543,7.953
6,11-06-2010,1413152.42,0,76.76,2.67,210.817,8.105
6,18-06-2010,1374813.82,0,79.45,2.61,211.143,7.919
6,25-06-2010,1385775.14,0,93.18,2.74,211.334,8.024
6,02-07-2010,1214888.74,0,78.49,2.74,210.938,7.954
6,09-07-2010,1320189.6,0,80.28,2.62,211.216,7.926
6,16-07-2010,1266020.31,0,81.81,2.71,211.217,7.989
6,23-07-2010,1334776.57,0,84.4,2.67,211.484,8.065
6,30-07-2010,1266186.98,0,84.97,2.65,211.14,8.067
6,06-08-2010,1281345.24,0,85.79,2.7,211.468,8.051
6,13-08-2010,1287606.31,0,86.58,2.69,211.927,7.996
6,20-08-2010,1243936.03,0,82.71,2.71,211.346,8.035
6,27-08-2010,1348976.18,0,78.41,2.7,211.489,7.908
6,03-09-2010,1245190.33,0,75.25,2.68,211.202,7.872
6,10-09-2010,1220643.3,1,78.25,2.85,211.624,7.773
6,17-09-2010,1156529.07,0,70.36,2.78,211.706,7.868
6,24-09-2010,1073649.02,0,73.66,2.7,211.697,7.903
6,01-10-2010,993610.35,0,69.42,2.63,211.769,7.991
6,08-10-2010,1056218.24,0,67.28,2.72,212.309,7.999
6,15-10-2010,1044478.14,0,65.64,2.76,211.882,7.764
6,22-10-2010,1026193.16,0,61.11,2.78,211.789,7.799
6,29-10-2010,1013627.27,0,55.65,2.64,212.238,7.696
6,05-11-2010,1166176.44,0,58.4,2.83,211.817,7.84
6,12-11-2010,1215559.93,0,57.29,2.72,212.095,8.019
6,19-11-2010,1182971.69,0,50.36,2.67,212.242,7.69
6,26-11-2010,1343406.87,1,48.32,2.74,212.254,7.773
6,03-12-2010,1188804.2,0,43.87,2.8,211.618,7.756
6,10-12-2010,1215639.88,0,40.23,2.77,212.542,7.8
6,17-12-2010,1181820.78,0,37.89,2.81,212.298,7.816
6,24-12-2010,1459000.11,1,43.66,2.75,212.861,7.937
6,31-12-2010,1458687.2,1,35.45,2.75,212.553,7.891
6,07-01-2011,1018303.44,0,36.45,2.71,212.395,8.012
6,14-01-2011,1014578.03,0,31.98,2.84,212.826,7.847
6,21-01-2011,1035675.51,0,33.74,2.77,212.382,7.772
6,28-01-2011,1079733.21,0,42.72,2.78,212.153,7.763
6,04-02-2011,1235563.25,0,39.44,2.74,213.086,7.689
6,11-02-2011,1221940.13,1,35.58,2.79,212.403,7.64
6,18-02-2011,1136279.62,0,36.68,2.81,212.657,7.818
6,25-02-2011,1092515.38,0,46.54,2.71,212.749,7.78
6,04-03-2011,1285799.73,0,43.17,2.82,213.138,7.627
6,11-03-2011,1182939.02,0,39.27,2.74,213.309,7.609
6,18-03-2011,1257552.76,0,41.34,2.82,213.098,7.854
6,25-03-2011,1282447.2,0,54.12,2.77,213.318,7.607
6,01-04-2011,1258467.36,0,50.92,2.77,212.992,7.555
6,08-04-2011,1153666.61,0,50.65,2.84,212.933,7.551
6,15-04-2011,1444868.69,0,55.3,2.83,213.661,7.746
6,22-04-2011,1241320.56,0,59.94,2.74,214.258,7.512
6,29-04-2011,1287481.19,0,59.7,2.75,213.986,7.905
6,06-05-2011,1338516.57,0,61.52,2.72,213.563,7.623
6,13-05-2011,1335848.76,0,70.53,2.85,213.789,7.615
6,20-05-2011,1311144.84,0,75.01,2.83,214.015,7.717
6,27-05-2011,1292408.72,0,69.13,2.8,213.487,7.705
6,03-06-2011,1416436.2,0,81.57,2.86,213.923,7.741
6,10-06-2011,1422215.04,0,79.51,2.92,213.951,7.582
6,17-06-2011,1326150.01,0,83.83,2.91,213.957,7.735
6,24-06-2011,1240218.86,0,82.27,2.85,213.81,7.834
6,01-07-2011,1359976.37,0,82.01,2.86,213.483,7.511
6,08-07-2011,1416985.71,0,81.93,2.82,214.533,7.713
6,15-07-2011,1368710.09,0,83.08,2.85,213.955,7.471
6,22-07-2011,1246928.39,0,82.52,2.81,213.783,7.584
6,29-07-2011,1310283.98,0,91.52,2.84,214.397,7.585
6,05-08-2011,1256749.92,0,87.06,2.91,214.462,7.52
6,12-08-2011,1227060.15,0,77.64,2.84,214.233,7.425
6,19-08-2011,1251849.15,0,86.58,2.83,214.561,7.425
6,26-08-2011,1181504.92,0,77.4,2.91,214.328,7.621
6,02-09-2011,1160007.77,0,75.64,2.82,214.663,7.601
6,09-09-2011,1374584.57,1,85.01,2.96,214.551,7.472
6,16-09-2011,1150855.72,0,70.28,2.95,214.808,7.521
6,23-09-2011,1138355.04,0,77.9,2.91,214.721,7.638
6,30-09-2011,1130008.82,0,66.95,2.9,214.87,7.515
6,07-10-2011,985037.72,0,59.17,2.86,214.578,7.406
6,14-10-2011,1070339.02,0,61.69,2.92,214.556,7.415
6,21-10-2011,1050211.26,0,61.73,2.87,215.028,7.673
6,28-10-2011,1004596.94,0,53.58,2.91,215.063,7.43
6,04-11-2011,1239703.01,0,47.63,2.87,215.046,7.42
6,11-11-2011,1195118.14,0,49.85,2.92,215.414,7.418
6,18-11-2011,1246274.16,0,45.68,2.95,215.316,7.506
6,25-11-2011,1488065.51,1,47.66,2.92,215.332,7.518
6,02-12-2011,1177553.04,0,40.47,2.94,215.439,7.32
6,09-12-2011,1216152.39,0,40.53,2.82,215.305,7.379
6,16-12-2011,1218178.25,0,44.77,2.88,215.179,7.125
6,23-12-2011,1209261.05,0,36.02,2.92,215.815,7.464
6,30-12-2011,1485085.67,1,34.95,3.0,215.533,7.287
6,06-01-2012,930021.65,0,33.83,2.99,216.277,7.367
6,13-01-2012,994625.03,0,30.38,2.98,215.121,7.407
6,20-01-2012,1096404.06,0,36.75,2.95,215.876,7.361
6,27-01-2012,1032653.38,0,42.65,2.94,215.995,7.094
6,03-02-2012,1167287.18,0,41.73,2.97,215.986,7.383
6,10-02-2012,1280737.46,1,39.0,2.93,215.691,7.432
6,17-02-2012,1202453.66,0,35.28,2.93,215.736,7.384
6,24-02-2012,1113774.17,0,41.14,3.01,215.96,7.403
6,02-03-2012,1180252.29,0,40.76,2.93,216.347,7.217
6,09-03-2012,1245902.89,0,43.5,2.93,215.915,7.424
6,16-03-2012,1262624.98,0,42.15,3.0,216.11,7.622
6,23-03-2012,1292892.68,0,47.27,3.06,215.657,7.278
6,30-03-2012,1427691.76,0,51.1,2.9,216.147,7.406
6,06-04-2012,1345039.41,0,51.1,2.96,216.154,7.288
6,13-04-2012,1430040.86,0,61.63,3.02,215.978,7.111
6,20-04-2012,1394588.17,0,55.05,2.99,216.525,7.121
6,27-04-2012,1303628.16,0,63.06,3.03,216.808,7.287
6,04-05-2012,1392115.0,0,63.4,2.96,216.392,7.259
6,11-05-2012,1420738.04,0,60.84,2.97,216.963,7.218
6,18-05-2012,1304983.28,0,81.39,3.01,216.773,7.241
6,25-05-2012,1382825.35,0,71.61,3.13,217.014,7.275
6,01-06-2012,1450461.51,0,72.85,3.09,216.516,7.213
6,08-06-2012,1292440.29,0,70.79,3.04,216.582,6.977
6,15-06-2012,1440673.42,0,89.26,3.1,216.804,7.169
6,22-06-2012,1456564.79,0,86.79,3.02,216.947,7.19
6,29-06-2012,1421997.78,0,82.96,3.03,217.407,7.272
6,06-07-2012,1402668.73,0,91.23,3.02,217.536,7.197
6,13-07-2012,1575133.61,0,80.09,3.01,217.231,7.174
6,20-07-2012,1465396.19,0,82.32,3.09,217.51,7.196
6,27-07-2012,1251494.57,0,90.41,3.11,217.397,7.138
6,03-08-2012,1307020.16,0,83.88,3.09,217.282,7.024
6,10-08-2012,1202244.88,0,80.26,3.07,217.321,7.122
6,17-08-2012,1275233.37,0,79.49,3.13,217.304,7.049
6,24-08-2012,1248110.42,0,73.07,3.03,217.735,6.91
6,31-08-2012,1259708.42,0,84.58,3.05,217.584,7.187
6,07-09-2012,1345424.85,1,79.85,3.04,217.409,6.987
6,14-09-2012,1161846.97,0,78.62,3.07,217.227,6.95
6,21-09-2012,1139986.26,0,78.77,3.1,217.548,7.127
6,28-09-2012,1081643.54,0,67.13,3.03,218.143,6.788
6,05-10-2012,1115897.48,0,63.9,3.07,218.284,6.962
6,12-10-2012,1017441.35,0,62.27,3.11,217.7,6.868
6,19-10-2012,990723.07,0,64.91,3.1,218.023,6.991
6,26-10-2012,986581.9,0,63.49,3.09,217.811,7.118
7,05-02-2010,1295354.72,0,36.1,2.61,210.628,8.234
7,12-02-2010,1376125.24,1,38.45,2.61,210.069,8.216
7,19-02-2010,1351612.75,0,38.32,2.64,209.949,8.088
7,26-02-2010,1593440.03,0,37.36,2.62,209.719,8.186
7,05-03-2010,1348969.95,0,40.44,2.67,210.365,8.223
7,12-03-2010,1317571.97,0,51.8,2.56,210.738,8.26
7,19-03-2010,1518122.1,0,43.49,2.63,210.194,8.153
7,26-03-2010,1485576.61,0,41.42,2.68,210.367,8.093
7,02-04-2010,1488798.88,0,53.81,2.58,209.771,8.174
7,09-04-2010,1597575.48,0,54.5,2.57,210.53,7.978
7,16-04-2010,1499181.45,0,55.28,2.68,210.451,8.071
7,23-04-2010,1757424.76,0,62.7,2.66,210.504,8.048
7,30-04-2010,1441726.96,0,68.16,2.66,210.618,8.086
7,07-05-2010,1693392.96,0,60.99,2.62,210.386,8.268
7,14-05-2010,1716536.3,0,61.23,2.57,210.744,8.035
7,21-05-2010,1542882.39,0,80.5,2.67,210.982,8.005
7,28-05-2010,1716275.59,0,73.69,2.64,211.078,7.903
7,04-06-2010,1789265.62,0,78.22,2.72,210.628,7.965
7,11-06-2010,1557718.1,0,80.51,2.67,210.868,7.948
7,18-06-2010,1542719.67,0,81.05,2.64,210.857,8.195
7,25-06-2010,1630011.72,0,87.76,2.64,211.192,8.027
7,02-07-2010,1485347.98,0,89.49,2.67,211.399,7.949
7,09-07-2010,1593102.18,0,81.07,2.74,211.324,8.052
7,16-07-2010,1694412.19,0,89.56,2.72,210.86,7.937
7,23-07-2010,1485851.88,0,87.88,2.69,210.926,7.98
7,30-07-2010,1424773.8,0,84.44,2.6,211.557,8.028
7,06-08-2010,1657686.02,0,87.36,2.67,211.7,7.842
7,13-08-2010,1413826.99,0,84.27,2.59,211.499,7.871
7,20-08-2010,1463553.07,0,77.27,2.72,211.572,8.105
7,27-08-2010,1426844.36,0,76.83,2.69,211.219,7.997
7,03-09-2010,1437486.75,0,87.82,2.67,211.598,7.891
7,10-09-2010,1629508.2,1,77.25,2.71,212.06,7.878
7,17-09-2010,1403164.77,0,75.42,2.71,211.696,8.174
7,24-09-2010,1255604.13,0,71.82,2.68,212.382,8.012
7,01-10-2010,1238925.94,0,69.88,2.73,211.747,7.991
7,08-10-2010,1282129.54,0,65.78,2.72,212.087,7.929
7,15-10-2010,1238778.34,0,59.37,2.81,211.699,7.941
7,22-10-2010,1195740.56,0,65.96,2.68,211.849,7.793
7,29-10-2010,1217534.29,0,50.44,2.71,211.48,7.905
7,05-11-2010,1443300.59,0,47.04,2.79,211.79,7.952
7,12-11-2010,1415724.08,0,56.57,2.78,211.935,7.773
7,19-11-2010,1502531.8,0,46.42,2.73,212.675,7.781
7,26-11-2010,1723724.25,1,48.78,2.79,212.302,7.819
7,03-12-2010,1328071.25,0,38.44,2.77,212.364,7.847
7,10-12-2010,1535377.4,0,35.88,2.74,212.518,7.76
7,17-12-2010,1574256.31,0,42.5,2.77,213.056,7.672
7,24-12-2010,1749400.18,1,38.88,2.72,212.664,7.703
7,31-12-2010,1832789.42,1,40.52,2.78,212.074,7.709
7,07-01-2011,1253316.15,0,35.59,2.63,213.058,7.811
7,14-01-2011,1188882.38,0,39.06,2.74,212.535,7.825
7,21-01-2011,1375536.94,0,41.51,2.79,212.936,7.86
7,28-01-2011,1207795.5,0,37.89,2.74,212.949,7.749
7,04-02-2011,1349487.13,0,36.44,2.63,212.963,7.828
7,11-02-2011,1623411.17,1,36.57,2.87,213.058,7.799
7,18-02-2011,1448064.22,0,39.76,2.74,212.289,7.699
7,25-02-2011,1460888.0,0,38.55,2.83,213.122,7.867
7,04-03-2011,1417533.4,0,43.78,2.82,213.583,7.559
7,11-03-2011,1436336.61,0,47.51,2.88,213.261,7.692
7,18-03-2011,1557484.35,0,50.02,2.78,213.344,7.831
7,25-03-2011,1674912.77,0,52.15,2.81,213.284,7.761
7,01-04-2011,1549372.19,0,52.73,2.76,213.746,7.582
7,08-04-2011,1550390.67,0,55.26,2.91,213.286,7.622
7,15-04-2011,1564316.71,0,64.49,2.68,213.168,7.953
7,22-04-2011,1678176.7,0,56.44,2.82,213.545,7.756
7,29-04-2011,1800145.18,0,65.41,2.8,213.817,7.593
7,06-05-2011,1577898.71,0,59.76,2.75,213.367,7.537
7,13-05-2011,1702078.37,0,64.84,2.67,213.379,7.599
7,20-05-2011,1633266.35,0,78.42,2.8,214.013,7.636
7,27-05-2011,1685438.92,0,71.53,2.83,213.575,7.646
7,03-06-2011,1670080.34,0,73.4,2.89,213.988,7.576
7,10-06-2011,1699614.79,0,78.9,2.8,213.937,7.55
7,17-06-2011,1601524.81,0,74.52,2.83,214.142,7.535
7,24-06-2011,1881552.72,0,86.03,2.92,214.267,7.781
7,01-07-2011,1592295.08,0,73.4,2.83,214.251,7.603
7,08-07-2011,1663439.94,0,89.73,2.88,214.38,7.485
7,15-07-2011,1532373.15,0,91.35,2.87,214.009,7.508
7,22-07-2011,1546891.75,0,82.15,2.8,213.802,7.543
7,29-07-2011,1527360.97,0,89.15,2.88,214.387,7.48
7,05-08-2011,1537894.56,0,85.53,2.91,214.335,7.653
7,12-08-2011,1519481.52,0,86.28,2.85,213.876,7.564
7,19-08-2011,1543305.73,0,84.09,2.9,214.371,7.448
7,26-08-2011,1499200.65,0,81.87,2.86,214.864,7.432
7,02-09-2011,1386626.01,0,84.78,2.93,214.48,7.541
7,09-09-2011,1662148.0,1,65.07,2.84,214.628,7.468
7,16-09-2011,1384754.29,0,78.15,2.88,214.382,7.528
7,23-09-2011,1317091.64,0,70.39,2.88,215.428,7.263
7,30-09-2011,1286056.39,0,68.22,2.86,215.081,7.56
7,07-10-2011,1282880.95,0,64.26,2.9,214.836,7.462
7,14-10-2011,1250758.83,0,63.37,2.95,214.554,7.356
7,21-10-2011,1133323.67,0,62.82,2.92,215.131,7.31
7,28-10-2011,1333317.86,0,53.92,2.92,215.291,7.346
7,04-11-2011,1470479.78,0,54.13,3.06,215.181,7.597
7,11-11-2011,1587992.89,0,52.03,2.87,215.465,7.278
7,18-11-2011,1607210.41,0,48.64,2.79,215.101,7.485
7,25-11-2011,1729321.87,1,48.17,2.89,214.867,7.404
7,02-12-2011,1485149.76,0,41.59,2.99,215.06,7.434
7,09-12-2011,1492287.05,0,34.68,2.87,215.374,7.593
7,16-12-2011,1539660.96,0,32.2,2.78,215.646,7.376
7,23-12-2011,1596122.7,0,34.08,2.96,215.736,7.333
7,30-12-2011,1764580.72,1,36.53,2.97,215.534,7.467
7,06-01-2012,1211417.95,0,30.29,3.05,215.413,7.304
7,13-01-2012,1256648.02,0,35.39,2.93,215.645,7.348
7,20-01-2012,1295513.5,0,25.58,3.05,215.662,7.402
7,27-01-2012,1219922.7,0,33.37,2.93,216.203,7.277
7,03-02-2012,1388896.05,0,33.25,2.94,215.745,7.456
7,10-02-2012,1461498.85,1,31.55,2.87,215.548,7.238
7,17-02-2012,1285770.51,0,35.17,2.87,215.625,7.431
7,24-02-2012,1459212.78,0,40.46,2.92,215.525,7.188
7,02-03-2012,1459210.62,0,45.09,3.02,216.231,7.22
7,09-03-2012,1496117.71,0,42.5,2.97,216.709,7.109
7,16-03-2012,1507732.6,0,51.04,2.91,215.961,7.224
7,23-03-2012,1538602.9,0,42.41,3.02,216.41,7.319
7,30-03-2012,1515900.01,0,51.91,2.95,216.166,7.475
7,06-04-2012,1619625.16,0,49.7,3.0,215.916,7.132
7,13-04-2012,1551510.72,0,55.65,3.05,216.551,7.296
7,20-04-2012,1567764.04,0,58.27,3.02,216.245,7.207
7,27-04-2012,1715241.41,0,62.04,3.02,216.967,7.209
7,04-05-2012,1794220.75,0,68.62,2.94,216.215,7.135
7,11-05-2012,1634043.32,0,68.88,3.04,216.978,7.241
7,18-05-2012,1677860.05,0,63.64,3.02,216.665,7.22
7,25-05-2012,1902771.99,0,79.48,3.06,216.425,7.142
7,01-06-2012,1714893.16,0,73.76,3.05,216.876,7.076
7,08-06-2012,1823814.44,0,79.37,2.94,216.81,7.204
7,15-06-2012,1798247.03,0,79.43,3.07,216.937,7.036
7,22-06-2012,1584502.1,0,86.79,3.09,217.034,7.309
7,29-06-2012,1781323.95,0,86.23,2.99,217.512,7.205
7,06-07-2012,1643059.34,0,81.68,3.05,216.548,7.213
7,13-07-2012,1576786.82,0,86.34,3.02,217.026,7.059
7,20-07-2012,1620108.78,0,92.56,3.12,217.267,7.123
7,27-07-2012,1676238.07,0,89.3,3.01,217.194,6.935
7,03-08-2012,1670118.83,0,92.46,3.06,216.635,7.17
7,10-08-2012,1482400.4,0,80.61,3.09,217.405,7.052
7,17-08-2012,1473112.98,0,82.5,3.04,217.052,7.059
7,24-08-2012,1517037.39,0,79.7,2.99,217.737,6.81
7,31-08-2012,1427870.99,0,76.05,3.08,217.665,7.188
7,07-09-2012,1626496.8,1,78.73,3.08,217.039,7.257
7,14-09-2012,1298049.46,0,75.67,3.1,217.691,7.009
7,21-09-2012,1425651.46,0,65.16,3.08,217.495,6.983
7,28-09-2012,1369552.38,0,72.95,3.07,217.954,7.047
7,05-10-2012,1255765.88,0,64.73,3.07,217.567,7.076
7,12-10-2012,1305441.92,0,56.43,3.01,217.96,6.944
7,19-10-2012,1287926.69,0,62.91,3.03,217.465,7.184
7,26-10-2012,1272121.94,0,55.1,3.05,217.791,6.889
8,05-02-2010,1333596.36,0,34.49,2.55,209.872,7.938
8,12-02-2010,1515630.94,1,36.47,2.64,209.49,8.308
8,19-02-2010,1375243.31,0,43.54,2.6,210.416,8.036
8,26-02-2010,1398604.9,0,37.14,2.53,209.831,8.175
8,05-03-2010,1323181.61,0,43.71,2.52,209.586,8.304
8,12-03-2010,1473112.94,0,40.25,2.62,210.586,8.2
8,19-03-2010,1448772.22,0,51.3,2.58,210.345,8.148
8,26-03-2010,1445734.5,0,48.01,2.63,210.402,8.036
8,02-04-2010,1551659.69,0,48.47,2.62,210.359,8.169
8,09-04-2010,1355477.66,0,58.86,2.6,210.869,8.077
8,16-04-2010,1534416.23,0,65.94,2.62,210.931,8.12
8,23-04-2010,1590050.61,0,61.57,2.68,210.41,8.009
8,30-04-2010,1524136.07,0,64.68,2.63,210.884,8.23
8,07-05-2010,1510573.97,0,64.28,2.57,211.336,8.121
8,14-05-2010,1636805.88,0,64.68,2.65,210.936,8.057
8,21-05-2010,1691805.36,0,81.96,2.61,210.533,7.986
8,28-05-2010,1738162.43,0,79.38,2.65,210.906,7.984
8,04-06-2010,1680483.35,0,75.97,2.65,211.134,8.039
8,11-06-2010,1586411.28,0,79.55,2.7,211.501,8.107
8,18-06-2010,1662346.05,0,80.45,2.63,211.259,8.058
8,25-06-2010,1474711.75,0,81.36,2.67,210.966,8.18
8,02-07-2010,1611648.28,0,89.27,2.69,211.199,7.93
8,09-07-2010,1558017.52,0,84.58,2.61,211.069,7.983
8,16-07-2010,1569276.64,0,86.78,2.65,211.427,7.989
8,23-07-2010,1297950.03,0,83.03,2.74,210.838,8.01
8,30-07-2010,1609259.16,0,81.61,2.69,211.007,8.153
8,06-08-2010,1458822.6,0,84.15,2.76,211.653,7.894
8,13-08-2010,1390803.14,0,84.92,2.66,210.875,7.968
8,20-08-2010,1304399.86,0,88.04,2.71,211.295,7.895
8,27-08-2010,1249040.76,0,75.51,2.75,212.292,8.029
8,03-09-2010,1343610.86,0,76.21,2.66,212.296,7.929
8,10-09-2010,1723031.21,1,81.29,2.62,211.534,7.873
8,17-09-2010,1286678.48,0,73.03,2.86,211.467,7.954
8,24-09-2010,1303186.16,0,70.62,2.72,211.533,7.934
8,01-10-2010,1269709.68,0,69.14,2.75,212.326,8.008
8,08-10-2010,1218052.48,0,60.23,2.69,211.892,7.932
8,15-10-2010,1163090.56,0,58.19,2.67,211.519,7.874
8,22-10-2010,1085845.43,0,54.92,2.71,211.669,7.927
8,29-10-2010,1197892.22,0,53.73,2.71,212.287,7.81
8,05-11-2010,1370859.07,0,57.78,2.78,212.362,7.965
8,12-11-2010,1273775.15,0,55.58,2.76,212.541,7.903
8,19-11-2010,1408031.06,0,46.37,2.76,212.2,7.943
8,26-11-2010,1521009.67,1,42.79,2.85,212.162,7.824
8,03-12-2010,1338166.1,0,44.01,2.71,212.35,7.924
8,10-12-2010,1355226.72,0,43.78,2.79,212.778,7.845
8,17-12-2010,1642021.1,0,43.09,2.77,212.255,7.813
8,24-12-2010,1802703.27,1,44.25,2.83,212.809,7.688
8,31-12-2010,1744317.66,1,31.33,2.69,212.701,7.858
8,07-01-2011,1224085.69,0,37.5,2.79,212.39,7.787
8,14-01-2011,1100994.79,0,27.07,2.81,212.515,7.876
8,21-01-2011,1280009.68,0,32.54,2.8,212.599,7.596
8,28-01-2011,1244723.16,0,33.43,2.76,213.446,7.619
8,04-02-2011,1287443.72,0,31.99,2.83,212.999,7.802
8,11-02-2011,1451312.69,1,33.91,2.83,213.496,7.803
8,18-02-2011,1260443.85,0,39.67,2.91,213.052,7.893
8,25-02-2011,1299137.46,0,39.8,2.82,213.196,7.662
8,04-03-2011,1322934.66,0,45.86,2.86,213.587,7.91
8,11-03-2011,1417702.31,0,42.87,2.87,213.403,7.623
8,18-03-2011,1362826.51,0,48.52,2.79,213.237,7.821
8,25-03-2011,1520543.93,0,54.5,2.71,213.377,7.774
8,01-04-2011,1377530.15,0,49.35,2.77,213.363,7.859
8,08-04-2011,1669280.68,0,51.62,2.84,213.58,7.727
8,15-04-2011,1569098.94,0,59.07,2.9,213.799,7.574
8,22-04-2011,1620354.77,0,64.43,2.84,213.864,7.69
8,29-04-2011,1591308.95,0,64.34,2.72,213.556,7.596
8,06-05-2011,1495347.86,0,72.54,2.85,213.627,7.598
8,13-05-2011,1624249.52,0,73.61,2.79,213.691,7.733
8,20-05-2011,1452394.18,0,72.11,2.81,213.708,7.588
8,27-05-2011,1623152.44,0,82.56,2.82,213.892,7.829
8,03-06-2011,1568161.86,0,84.44,2.84,214.395,7.696
8,10-06-2011,1634103.5,0,78.97,2.81,213.939,7.702
8,17-06-2011,1601705.2,0,79.75,2.84,214.27,7.727
8,24-06-2011,1539571.13,0,79.82,2.87,214.486,7.71
8,01-07-2011,1480511.43,0,82.58,2.81,214.004,7.748
8,08-07-2011,1451782.39,0,77.97,2.82,214.226,7.641
8,15-07-2011,1577464.47,0,89.6,2.77,214.552,7.539
8,22-07-2011,1577544.09,0,79.69,2.87,214.323,7.678
8,29-07-2011,1379096.42,0,84.84,2.81,214.459,7.632
8,05-08-2011,1566583.69,0,81.95,2.92,214.772,7.381
8,12-08-2011,1488600.57,0,86.94,2.86,214.056,7.631
8,19-08-2011,1330866.47,0,81.08,2.88,214.69,7.466
8,26-08-2011,1339016.85,0,80.56,2.93,215.218,7.37
8,02-09-2011,1378286.73,0,73.89,2.94,214.306,7.444
8,09-09-2011,1520252.62,1,75.75,2.91,214.788,7.503
8,16-09-2011,1212258.73,0,76.54,2.89,215.048,7.424
8,23-09-2011,1168950.13,0,70.88,2.96,214.804,7.467
8,30-09-2011,1190155.16,0,75.27,2.85,214.594,7.535
8,07-10-2011,1106456.53,0,70.44,2.94,215.137,7.526
8,14-10-2011,1187478.81,0,58.11,2.9,214.631,7.51
8,21-10-2011,1224561.58,0,65.26,2.93,215.256,7.423
8,28-10-2011,1132065.83,0,58.25,2.9,215.116,7.339
8,04-11-2011,1368803.7,0,55.95,2.96,214.795,7.503
8,11-11-2011,1380355.16,0,50.62,2.99,215.389,7.508
8,18-11-2011,1542999.67,0,45.03,2.88,214.986,7.394
8,25-11-2011,1461029.3,1,44.48,2.9,215.494,7.446
8,02-12-2011,1360507.49,0,45.34,2.97,215.084,7.353
8,09-12-2011,1249873.05,0,36.54,2.9,215.393,7.3
8,16-12-2011,1378171.11,0,34.2,2.95,215.554,7.426
8,23-12-2011,1427787.63,0,31.44,2.91,215.36,7.337
8,30-12-2011,1709645.08,1,42.13,2.99,215.242,7.437
8,06-01-2012,1208571.94,0,32.38,2.99,215.546,7.22
8,13-01-2012,1217362.11,0,35.99,2.94,215.639,7.281
8,20-01-2012,1249025.35,0,34.83,2.96,215.813,7.229
8,27-01-2012,1180829.3,0,26.41,2.99,215.399,7.349
8,03-02-2012,1285485.99,0,38.27,2.9,215.799,7.494
8,10-02-2012,1652162.0,1,40.76,2.98,215.573,7.391
8,17-02-2012,1307856.02,0,40.34,2.94,215.878,7.327
8,24-02-2012,1364275.55,0,41.69,2.95,215.583,7.465
8,02-03-2012,1548833.23,0,43.4,2.91,215.81,7.345
8,09-03-2012,1501343.22,0,38.93,2.97,216.157,7.372
8,16-03-2012,1411373.12,0,39.93,3.02,216.491,7.269
8,23-03-2012,1493789.32,0,46.9,2.95,216.518,7.307
8,30-03-2012,1527378.63,0,57.57,2.94,216.1,7.276
8,06-04-2012,1472997.55,0,57.58,2.99,216.024,7.258
8,13-04-2012,1551686.09,0,61.16,3.02,216.516,7.275
8,20-04-2012,1544272.81,0,57.57,3.02,216.334,7.404
8,27-04-2012,1682359.01,0,65.96,3.02,216.463,7.1
8,04-05-2012,1573969.08,0,66.79,3.02,216.686,7.31
8,11-05-2012,1547101.2,0,66.51,3.09,216.833,7.171
8,18-05-2012,1601943.74,0,71.56,3.02,216.799,7.455
8,25-05-2012,1630420.84,0,77.17,2.94,216.568,7.316
8,01-06-2012,1648564.61,0,59.3,3.06,217.345,6.985
8,08-06-2012,1736014.07,0,67.87,3.07,216.823,6.941
8,15-06-2012,1643145.67,0,85.38,3.05,217.057,7.127
8,22-06-2012,1448999.61,0,85.07,3.12,217.276,6.961
8,29-06-2012,1464754.97,0,80.11,2.96,217.006,7.19
8,06-07-2012,1456587.61,0,87.46,3.07,216.885,7.125
8,13-07-2012,1398772.62,0,83.53,3.04,217.156,7.172
8,20-07-2012,1547017.77,0,83.94,3.06,217.461,7.116
8,27-07-2012,1528430.92,0,84.03,3.02,217.374,7.062
8,03-08-2012,1507324.17,0,84.31,3.04,217.174,7.058
8,10-08-2012,1331990.84,0,84.8,3.07,217.584,7.048
8,17-08-2012,1557752.07,0,80.48,3.02,217.087,6.919
8,24-08-2012,1500408.61,0,85.9,3.1,217.172,7.265
8,31-08-2012,1339995.99,0,77.45,3.14,217.694,7.296
8,07-09-2012,1594223.76,1,74.79,3.04,216.998,7.039
8,14-09-2012,1380128.67,0,76.39,3.08,217.31,7.081
8,21-09-2012,1342024.31,0,73.12,3.09,217.425,7.137
8,28-09-2012,1054768.04,0,70.17,3.21,217.268,7.018
8,05-10-2012,1225128.27,0,63.91,3.14,217.918,7.049
8,12-10-2012,1250664.89,0,62.86,3.25,217.878,7.045
8,19-10-2012,1081150.26,0,57.61,3.15,217.487,6.801
8,26-10-2012,1166415.91,0,62.26,3.1,217.843,6.823
9,05-02-2010,807028.67,0,40.63,2.64,210.34,8.258
9,12-02-2010,1103189.03,1,39.23,2.65,209.51,8.042
9,19-02-2010,891338.95,0,38.01,2.63,210.209,8.295
9,26-02-2010,1000213.03,0,36.74,2.62,209.913,8.156
9,05-03-2010,982073.31,0,28.57,2.73,210.394,8.107
9,12-03-2010,1082088.45,0,43.06,2.62,210.134,8.323
9,19-03-2010,1001670.23,0,47.51,2.68,210.511,8.144
9,26-03-2010,1083146.94,0,59.72,2.64,210.427,8.158
9,02-04-2010,1112777.66,0,49.98,2.61,209.986,8.014
9,09-04-2010,1033744.79,0,55.07,2.72,210.664,8.033
9,16-04-2010,1037352.35,0,63.78,2.69,210.568,8.072
9,23-04-2010,1151393.18,0,57.32,2.66,211.297,8.128
9,30-04-2010,1058927.9,0,65.92,2.62,210.253,8.169
9,07-05-2010,1173180.71,0,65.97,2.63,210.439,8.076
9,14-05-2010,1086789.73,0,65.99,2.74,210.923,8.14
9,21-05-2010,1172605.51,0,75.8,2.63,210.921,8.047
9,28-05-2010,1149990.86,0,76.58,2.64,210.496,8.08
9,04-06-2010,1113659.93,0,69.92,2.68,211.241,8.31
9,11-06-2010,1100542.55,0,77.35,2.61,211.07,8.069
9,18-06-2010,1072071.57,0,80.55,2.57,211.341,7.963
9,25-06-2010,1108002.13,0,76.97,2.64,211.035,8.031
9,02-07-2010,1126576.34,0,89.53,2.71,211.463,8.168
9,09-07-2010,1119323.96,0,84.39,2.73,211.553,8.08
9,16-07-2010,996354.81,0,81.57,2.67,211.521,8.005
9,23-07-2010,1119126.81,0,90.23,2.74,211.704,7.895
9,30-07-2010,1066974.09,0,82.22,2.6,211.312,8.123
9,06-08-2010,1047027.84,0,92.04,2.7,212.189,8.0
9,13-08-2010,1005180.83,0,77.82,2.75,211.36,7.909
9,20-08-2010,1046949.85,0,86.21,2.75,211.458,7.96
9,27-08-2010,960457.41,0,83.03,2.78,211.733,8.154
9,03-09-2010,984900.89,0,77.0,2.75,212.19,8.148
9,10-09-2010,1152578.44,1,75.82,2.7,211.907,8.107
9,17-09-2010,921482.16,0,75.09,2.71,211.692,7.915
9,24-09-2010,888515.37,0,77.5,2.7,211.862,7.837
9,01-10-2010,895143.61,0,73.29,2.8,211.963,7.972
9,08-10-2010,840600.31,0,67.03,2.74,211.976,7.92
9,15-10-2010,850351.59,0,60.76,2.71,212.526,8.169
9,22-10-2010,768530.56,0,53.89,2.68,212.039,7.979
9,29-10-2010,829770.89,0,56.62,2.76,211.918,7.857
9,05-11-2010,994299.9,0,46.66,2.68,211.845,7.949
9,12-11-2010,998095.79,0,52.6,2.65,211.793,7.931
9,19-11-2010,843556.02,0,52.37,2.65,212.547,7.767
9,26-11-2010,1212556.06,1,57.79,2.63,212.558,7.667
9,03-12-2010,997033.69,0,41.84,2.76,212.132,7.917
9,10-12-2010,908218.27,0,45.59,2.73,212.041,7.99
9,17-12-2010,981786.34,0,46.5,2.82,212.278,7.814
9,24-12-2010,1180079.47,1,43.52,2.78,212.626,7.794
9,31-12-2010,1183887.84,1,41.51,2.76,212.511,7.749
9,07-01-2011,793630.86,0,29.9,2.73,213.135,7.777
9,14-01-2011,858979.57,0,25.17,2.8,212.693,7.741
9,21-01-2011,852691.21,0,33.04,2.67,213.074,7.805
9,28-01-2011,848349.31,0,31.45,2.7,212.92,7.933
9,04-02-2011,888948.44,0,30.44,2.79,212.893,7.85
9,11-02-2011,1093212.4,1,25.03,2.81,212.664,7.613
9,18-02-2011,910430.82,0,39.96,2.71,213.232,7.823
9,25-02-2011,941682.03,0,36.5,2.74,213.385,7.587
9,04-03-2011,1011122.65,0,41.25,2.79,212.62,7.715
9,11-03-2011,1010526.23,0,38.77,2.82,213.216,7.657
9,18-03-2011,1043191.25,0,37.74,2.82,213.731,7.857
9,25-03-2011,1039586.36,0,47.97,2.77,213.21,7.759
9,01-04-2011,996090.09,0,55.0,2.92,213.338,7.562
9,08-04-2011,984059.0,0,57.98,2.81,213.676,7.635
9,15-04-2011,1114948.33,0,57.22,2.78,213.348,7.56
9,22-04-2011,1192095.15,0,60.48,2.85,213.363,7.566
9,29-04-2011,1083249.1,0,68.26,2.8,213.319,7.678
9,06-05-2011,1133365.66,0,73.37,2.84,213.83,7.726
9,13-05-2011,1049053.47,0,65.79,2.78,213.293,7.726
9,20-05-2011,1134546.83,0,72.66,2.7,214.365,7.548
9,27-05-2011,1235992.08,0,69.07,2.8,213.143,7.666
9,03-06-2011,1059440.32,0,72.88,2.77,214.093,7.692
9,10-06-2011,1220256.69,0,76.49,2.86,213.529,7.579
9,17-06-2011,1085243.67,0,82.87,2.9,214.269,7.52
9,24-06-2011,1162300.13,0,82.31,2.84,213.815,7.54
9,01-07-2011,1193266.8,0,84.87,2.86,214.005,7.832
9,08-07-2011,1156986.71,0,81.56,2.85,214.076,7.594
9,15-07-2011,1035009.3,0,86.65,2.93,213.802,7.458
9,22-07-2011,1031795.57,0,83.24,2.97,214.552,7.657
9,29-07-2011,1026750.3,0,83.57,2.8,214.542,7.603
9,05-08-2011,1088093.23,0,83.24,2.87,214.415,7.635
9,12-08-2011,929413.95,0,86.05,2.88,214.102,7.329
9,19-08-2011,976475.34,0,87.58,2.96,214.582,7.725
9,26-08-2011,960660.1,0,83.98,2.86,214.377,7.453
9,02-09-2011,845021.8,0,83.39,2.85,214.347,7.394
9,09-09-2011,1076311.32,1,83.11,2.99,214.145,7.468
9,16-09-2011,854795.16,0,77.58,2.91,214.508,7.502
9,23-09-2011,860927.79,0,77.47,2.92,214.956,7.22
9,30-09-2011,860642.89,0,76.57,2.97,214.257,7.447
9,07-10-2011,795472.87,0,72.18,2.92,214.637,7.473
9,14-10-2011,722314.89,0,58.02,2.91,215.177,7.267
9,21-10-2011,801038.11,0,63.39,2.84,215.048,7.46
9,28-10-2011,873487.22,0,55.43,2.91,215.291,7.312
9,04-11-2011,982209.91,0,51.59,2.91,215.345,7.492
9,11-11-2011,946684.19,0,51.1,3.0,214.897,7.442
9,18-11-2011,967326.17,0,47.59,2.84,215.626,7.342
9,25-11-2011,1207108.36,1,42.82,2.9,215.623,7.511
9,02-12-2011,982575.51,0,46.03,2.92,215.312,7.337
9,09-12-2011,1018969.02,0,38.13,3.01,215.276,7.396
9,16-12-2011,1017619.94,0,39.2,2.92,215.418,7.475
9,23-12-2011,956149.76,0,37.1,2.94,215.742,7.368
9,30-12-2011,1287041.05,1,35.8,2.93,215.487,7.238
9,06-01-2012,769380.4,0,33.48,3.01,215.584,7.312
9,13-01-2012,875221.6,0,41.33,3.02,215.394,7.303
9,20-01-2012,915788.25,0,35.97,2.94,215.922,7.445
9,27-01-2012,831745.1,0,36.13,3.01,215.414,7.337
9,03-02-2012,825398.94,0,31.92,2.94,215.961,7.295
9,10-02-2012,1019652.46,1,37.02,2.91,216.003,7.432
9,17-02-2012,909206.23,0,37.29,2.99,215.322,7.364
9,24-02-2012,1077796.22,0,39.22,2.97,216.209,7.467
9,02-03-2012,1000034.06,0,32.99,3.01,216.814,7.356
9,09-03-2012,917706.11,0,44.91,2.92,216.468,7.19
9,16-03-2012,997617.53,0,42.76,2.96,216.6,7.287
9,23-03-2012,984918.44,0,44.21,2.89,215.834,7.28
9,30-03-2012,1082174.68,0,49.32,3.07,216.05,7.236
9,06-04-2012,992143.84,0,58.42,3.1,215.793,7.217
9,13-04-2012,1131735.07,0,51.63,3.03,216.744,7.251
9,20-04-2012,1108058.6,0,67.47,3.1,216.415,7.182
9,27-04-2012,1040291.34,0,67.34,2.94,216.414,7.237
9,04-05-2012,1072757.26,0,67.5,3.14,216.509,7.175
9,11-05-2012,1164449.21,0,70.2,3.08,216.651,7.185
9,18-05-2012,1014289.91,0,65.49,2.92,216.771,7.065
9,25-05-2012,1186708.42,0,74.64,3.01,216.46,7.255
9,01-06-2012,1072210.41,0,72.92,3.08,216.876,7.161
9,08-06-2012,1150982.55,0,78.99,3.05,216.58,7.383
9,15-06-2012,1078647.66,0,87.0,3.02,217.123,7.241
9,22-06-2012,1167397.12,0,78.94,3.09,217.491,7.134
9,29-06-2012,1096948.38,0,81.4,3.02,217.506,7.051
9,06-07-2012,1032801.71,0,90.8,3.07,217.685,7.098
9,13-07-2012,1077437.04,0,82.21,3.05,216.573,7.203
9,20-07-2012,1072769.7,0,84.77,3.03,216.892,7.199
9,27-07-2012,978284.09,0,86.83,3.15,217.662,6.967
9,03-08-2012,993813.65,0,85.88,3.05,216.853,7.148
9,10-08-2012,1001722.84,0,90.93,3.05,217.679,6.974
9,17-08-2012,931921.96,0,84.89,3.12,217.097,7.095
9,24-08-2012,895628.17,0,79.69,3.11,217.31,7.059
9,31-08-2012,888340.5,0,75.94,3.16,217.518,6.975
9,07-09-2012,1069713.64,1,69.99,3.02,217.961,7.053
9,14-09-2012,986069.29,0,73.61,3.07,217.801,6.791
9,21-09-2012,890455.43,0,71.2,3.15,217.954,6.937
9,28-09-2012,916471.86,0,67.59,3.04,217.779,7.022
9,05-10-2012,910583.2,0,67.12,3.1,218.046,7.143
9,12-10-2012,862161.17,0,68.47,3.12,217.882,7.149
9,19-10-2012,811745.13,0,59.92,3.18,218.375,7.016
9,26-10-2012,784921.39,0,62.63,3.14,218.039,6.976
10,05-02-2010,962695.26,0,36.61,2.61,209.887,8.29
10,12-02-2010,1277917.69,1,41.03,2.59,210.283,8.199
10,19-02-2010,975612.12,0,41.22,2.61,210.89,8.329
10,26-02-2010,1100568.86,0,41.22,2.62,209.867,8.001
10,05-03-2010,1038459.14,0,42.02,2.51,210.06,8.142
10,12-03-2010,1096741.27,0,41.8,2.6,210.797,8.224
10,19-03-2010,1099314.47,0,46.64,2.62,210.105,8.073
10,26-03-2010,1210683.22,0,47.89,2.57,210.379,8.153
10,02-04-2010,1057060.69,0,52.21,2.67,210.583,8.356
10,09-04-2010,1266078.67,0,61.09,2.77,210.731,8.141
10,16-04-2010,1267445.48,0,56.04,2.64,210.365,8.156
10,23-04-2010,1183780.93,0,58.54,2.66,210.574,7.915
10,30-04-2010,1146523.8,0,59.69,2.6,210.796,8.121
10,07-05-2010,1313375.08,0,70.22,2.7,210.91,8.112
10,14-05-2010,1323816.65,0,73.71,2.67,211.165,7.848
10,21-05-2010,1241750.16,0,71.49,2.71,211.311,7.929
10,28-05-2010,1351587.18,0,70.53,2.6,210.825,8.034
10,04-06-2010,1163824.06,0,80.09,2.69,211.267,8.014
10,11-06-2010,1256562.07,0,79.39,2.75,210.157,7.953
10,18-06-2010,1253537.92,0,76.9,2.65,211.025,7.975
10,25-06-2010,1248679.46,0,85.19,2.66,210.983,8.016
10,02-07-2010,1233146.79,0,76.82,2.7,211.04,8.15
10,09-07-2010,1256222.65,0,89.21,2.63,211.119,7.891
10,16-07-2010,1162063.17,0,89.94,2.75,210.942,7.961
10,23-07-2010,1182420.98,0,87.31,2.6,210.862,8.048
10,30-07-2010,1053852.86,0,82.86,2.7,211.523,7.976
10,06-08-2010,1125934.18,0,87.35,2.71,211.26,7.986
10,13-08-2010,1146595.9,0,89.81,2.73,211.875,7.912
10,20-08-2010,1073464.15,0,80.64,2.69,211.264,8.092
10,27-08-2010,1126842.06,0,78.68,2.73,211.689,8.029
10,03-09-2010,984870.95,0,77.36,2.7,211.865,7.885
10,10-09-2010,1066244.33,1,71.39,2.71,211.753,8.108
10,17-09-2010,1039455.24,0,73.59,2.71,212.121,7.872
10,24-09-2010,981276.67,0,66.27,2.79,211.964,7.852
10,01-10-2010,962001.34,0,69.87,2.71,211.742,7.849
10,08-10-2010,964384.82,0,63.48,2.7,211.557,7.914
10,15-10-2010,922372.53,0,60.65,2.74,212.238,7.968
10,22-10-2010,940565.48,0,57.96,2.7,211.757,7.83
10,29-10-2010,902812.37,0,52.78,2.74,211.836,7.715
10,05-11-2010,1159332.79,0,51.1,2.69,211.854,7.915
10,12-11-2010,1179008.93,0,48.55,2.73,212.559,7.683
10,19-11-2010,1203736.96,0,57.25,2.61,212.264,7.784
10,26-11-2010,1271688.93,1,43.29,2.79,212.316,7.756
10,03-12-2010,1082434.36,0,44.73,2.69,211.912,8.038
10,10-12-2010,1059803.86,0,40.08,2.73,212.626,8.008
10,17-12-2010,1133476.74,0,32.8,2.69,212.398,7.796
10,24-12-2010,1198554.23,1,40.69,2.71,213.021,7.996
10,31-12-2010,1310395.48,1,38.05,2.7,212.816,7.756
10,07-01-2011,862790.27,0,34.35,2.74,212.588,7.892
10,14-01-2011,890985.56,0,42.02,2.71,213.226,7.687
10,21-01-2011,944333.35,0,33.06,2.76,213.038,7.93
10,28-01-2011,1020410.93,0,33.7,2.79,212.619,7.673
10,04-02-2011,926875.04,0,34.22,2.79,212.336,7.759
10,11-02-2011,1275190.21,1,41.46,2.76,212.546,7.801
10,18-02-2011,907699.27,0,42.75,2.78,213.57,7.574
10,25-02-2011,1097478.86,0,39.56,2.78,212.666,7.798
10,04-03-2011,1108384.04,0,49.05,2.85,212.955,7.63
10,11-03-2011,1019904.77,0,50.01,2.76,213.633,7.774
10,18-03-2011,1135437.87,0,45.32,2.84,213.24,7.676
10,25-03-2011,1178016.75,0,48.6,2.77,213.481,7.698
10,01-04-2011,1186991.37,0,50.15,2.75,213.877,7.851
10,08-04-2011,1229550.94,0,53.32,2.8,213.827,7.653
10,15-04-2011,1156890.02,0,65.34,2.81,213.999,7.54
10,22-04-2011,1241236.34,0,69.14,2.82,213.445,7.555
10,29-04-2011,1289118.66,0,60.78,2.82,213.21,7.819
10,06-05-2011,1304861.92,0,66.67,2.77,214.097,7.618
10,13-05-2011,1173180.39,0,62.59,2.8,213.256,7.584
10,20-05-2011,1293770.02,0,70.84,2.85,213.531,7.644
10,27-05-2011,1370239.08,0,73.47,2.86,213.335,7.781
10,03-06-2011,1220399.23,0,81.38,2.84,214.044,7.688
10,10-06-2011,1219309.04,0,83.6,2.81,214.149,7.574
10,17-06-2011,1263815.18,0,79.17,2.85,213.65,7.629
10,24-06-2011,1236758.65,0,80.33,2.85,214.068,7.534
10,01-07-2011,1215548.77,0,79.62,2.97,214.402,7.615
10,08-07-2011,1281374.81,0,76.53,2.73,214.02,7.441
10,15-07-2011,1181112.29,0,85.72,2.91,213.854,7.611
10,22-07-2011,1178939.01,0,86.38,2.84,214.667,7.552
10,29-07-2011,1262031.48,0,81.56,2.91,214.29,7.521
10,05-08-2011,1174855.29,0,82.89,2.74,213.445,7.673
10,12-08-2011,1186063.96,0,90.66,2.88,214.032,7.495
10,19-08-2011,1095586.4,0,77.76,2.96,215.147,7.576
10,26-08-2011,1071471.48,0,74.98,2.96,214.554,7.491
10,02-09-2011,1074177.79,0,75.9,2.89,214.155,7.621
10,09-09-2011,1204308.75,1,80.69,2.88,214.602,7.382
10,16-09-2011,1041547.53,0,70.13,2.87,214.7,7.507
10,23-09-2011,897941.02,0,70.09,2.94,214.642,7.464
10,30-09-2011,968834.6,0,67.73,2.85,214.8,7.578
10,07-10-2011,892269.51,0,63.84,2.84,215.15,7.461
10,14-10-2011,884883.71,0,62.73,2.85,214.613,7.316
10,21-10-2011,860031.93,0,64.78,2.87,215.119,7.37
10,28-10-2011,928937.72,0,52.25,2.92,215.051,7.678
10,04-11-2011,1139501.84,0,51.04,2.95,215.732,7.273
10,11-11-2011,1047714.3,0,49.61,2.9,215.047,7.298
10,18-11-2011,1162412.57,0,42.15,2.92,215.517,7.417
10,25-11-2011,1214144.72,1,39.91,2.92,215.032,7.432
10,02-12-2011,1005344.35,0,46.23,2.94,215.372,7.547
10,09-12-2011,1059997.89,0,38.0,2.91,215.313,7.385
10,16-12-2011,1044473.96,0,31.01,2.91,215.535,7.4
10,23-12-2011,1164973.73,0,45.43,2.98,215.897,7.454
10,30-12-2011,1423750.05,1,43.83,2.99,215.75,7.349
10,06-01-2012,899733.77,0,34.25,2.98,215.378,7.342
10,13-01-2012,808277.69,0,42.01,2.94,215.787,7.498
10,20-01-2012,946718.62,0,40.78,2.89,216.426,7.453
10,27-01-2012,960952.68,0,40.95,2.9,215.676,7.48
10,03-02-2012,880143.45,0,38.1,2.99,216.409,7.169
10,10-02-2012,1264400.83,1,34.57,2.94,215.508,7.21
10,17-02-2012,1033979.52,0,33.65,3.01,215.731,7.189
10,24-02-2012,1008566.29,0,41.06,2.96,215.996,7.372
10,02-03-2012,1115793.2,0,40.37,2.93,216.065,7.341
10,09-03-2012,1002051.62,0,40.22,2.95,216.036,7.209
10,16-03-2012,1142066.16,0,39.77,2.91,216.054,7.259
10,23-03-2012,1042603.07,0,46.37,2.97,216.092,7.284
10,30-03-2012,1106763.84,0,57.47,3.02,216.024,7.27
10,06-04-2012,1170724.19,0,59.31,2.97,216.552,7.256
10,13-04-2012,1268812.25,0,62.59,3.01,216.299,7.294
10,20-04-2012,1185314.97,0,67.15,3.01,216.312,7.189
10,27-04-2012,1135995.55,0,65.66,2.96,216.819,7.097
10,04-05-2012,1228035.86,0,70.98,2.9,217.151,7.176
10,11-05-2012,1237398.66,0,71.53,3.05,216.684,7.31
10,18-05-2012,1266635.49,0,79.01,3.04,217.247,7.292
10,25-05-2012,1126019.41,0,84.96,2.99,217.162,7.196
10,01-06-2012,1303920.6,0,74.11,3.05,216.693,7.343
10,08-06-2012,1263049.53,0,82.7,2.92,216.8,7.217
10,15-06-2012,1244711.47,0,84.62,3.01,216.896,7.286
10,22-06-2012,1083941.59,0,84.66,3.02,216.663,7.193
10,29-06-2012,1287618.79,0,87.65,3.03,217.256,7.238
10,06-07-2012,1195380.74,0,81.58,3.01,217.3,7.138
10,13-07-2012,1123852.89,0,78.12,3.09,216.941,7.167
10,20-07-2012,1241625.24,0,79.76,3.05,217.11,7.164
10,27-07-2012,1221967.5,0,79.46,3.08,217.526,7.099
10,03-08-2012,1122938.43,0,85.87,3.07,217.447,7.165
10,10-08-2012,1055069.79,0,87.23,3.12,217.384,6.951
10,17-08-2012,1081253.1,0,82.78,3.0,217.277,6.951
10,24-08-2012,1097196.46,0,81.08,2.98,217.546,7.078
10,31-08-2012,1068887.16,0,76.96,3.03,217.265,7.022
10,07-09-2012,1203766.31,1,76.97,3.06,217.425,7.032
10,14-09-2012,1121771.12,0,70.91,3.05,218.597,7.101
10,21-09-2012,907839.71,0,74.77,3.03,217.937,7.029
10,28-09-2012,933507.09,0,75.08,3.11,218.012,7.085
10,05-10-2012,914423.31,0,68.2,3.15,217.817,7.214
10,12-10-2012,956543.97,0,63.64,3.1,217.873,6.9
10,19-10-2012,897651.4,0,60.67,3.07,217.989,7.019
10,26-10-2012,922339.72,0,59.43,3.1,217.534,7.187
11,05-02-2010,970490.16,0,34.14,2.68,210.416,8.244
11,12-02-2010,1184171.96,1,39.62,2.61,209.999,8.225
11,19-02-2010,1008565.87,0,39.54,2.62,210.293,8.121
11,26-02-2010,1091571.22,0,36.6,2.58,210.009,8.068
11,05-03-2010,1131807.66,0,38.33,2.58,210.6,8.109
11,12-03-2010,1089533.51,0,40.4,2.66,210.534,8.232
11,19-03-2010,1152283.71,0,47.21,2.59,210.091,8.279
11,26-03-2010,1187247.37,0,46.8,2.63,210.302,8.028
11,02-04-2010,1174087.93,0,50.71,2.58,210.004,7.976
11,09-04-2010,1160564.93,0,54.95,2.59,210.699,8.118
11,16-04-2010,1234171.76,0,57.55,2.6,210.594,7.99
11,23-04-2010,1247398.8,0,57.54,2.68,210.514,8.214
11,30-04-2010,1158605.1,0,61.57,2.66,211.022,8.266
11,07-05-2010,1240550.28,0,74.56,2.63,211.057,7.997
11,14-05-2010,1272111.66,0,60.67,2.59,210.923,7.951
11,21-05-2010,1277935.21,0,76.34,2.63,210.548,8.027
11,28-05-2010,1193236.71,0,74.81,2.66,210.803,8.233
11,04-06-2010,1208479.17,0,83.05,2.61,210.973,8.176
11,11-06-2010,1321333.17,0,77.83,2.69,211.133,7.995
11,18-06-2010,1283223.2,0,88.7,2.69,211.233,8.108
11,25-06-2010,1146206.57,0,84.52,2.62,210.942,8.248
11,02-07-2010,1210139.63,0,80.82,2.73,210.891,7.979
11,09-07-2010,1288138.4,0,84.7,2.6,211.394,7.976
11,16-07-2010,1289163.44,0,82.51,2.73,211.819,7.922
11,23-07-2010,1168237.16,0,86.53,2.64,211.424,7.976
11,30-07-2010,1146339.99,0,84.84,2.69,211.448,7.93
11,06-08-2010,1108414.86,0,83.49,2.69,211.323,8.014
11,13-08-2010,1016946.74,0,80.02,2.68,211.254,8.136
11,20-08-2010,1097015.94,0,82.29,2.67,211.562,7.844
11,27-08-2010,1063928.48,0,76.16,2.69,210.854,7.844
11,03-09-2010,1126785.27,0,81.26,2.77,212.095,8.016
11,10-09-2010,1184418.65,1,71.57,2.77,211.754,8.189
11,17-09-2010,986228.74,0,81.16,2.7,212.191,8.101
11,24-09-2010,932684.59,0,68.69,2.66,211.477,7.99
11,01-10-2010,953029.19,0,68.04,2.75,211.345,8.043
11,08-10-2010,926988.36,0,67.05,2.75,212.369,7.896
11,15-10-2010,827789.76,0,62.16,2.74,211.704,7.913
11,22-10-2010,894316.3,0,53.55,2.76,211.901,7.849
11,29-10-2010,876803.28,0,60.87,2.73,212.15,7.837
11,05-11-2010,1134074.15,0,58.39,2.77,212.388,7.933
11,12-11-2010,1022264.67,0,46.66,2.73,212.02,7.758
11,19-11-2010,988842.03,0,42.08,2.73,212.273,7.777
11,26-11-2010,1288066.58,1,43.22,2.8,212.301,7.917
11,03-12-2010,1098114.48,0,37.06,2.75,212.035,7.828
11,10-12-2010,1049680.04,0,42.16,2.69,212.466,7.888
11,17-12-2010,1146715.98,0,35.81,2.76,212.573,7.977
11,24-12-2010,1209378.23,1,33.77,2.9,212.491,7.625
11,31-12-2010,1283083.59,1,25.22,2.78,212.872,7.714
11,07-01-2011,887449.45,0,39.2,2.68,212.289,7.774
11,14-01-2011,889127.3,0,33.91,2.71,212.806,7.774
11,21-01-2011,966723.15,0,35.82,2.79,212.363,7.83
11,28-01-2011,943735.11,0,34.65,2.83,212.637,7.907
11,04-02-2011,1050540.89,0,38.98,2.73,212.253,7.872
11,11-02-2011,1187870.98,1,33.99,2.84,212.707,7.713
11,18-02-2011,1050106.21,0,33.86,2.78,213.348,7.768
11,25-02-2011,1111159.97,0,44.5,2.79,212.376,7.628
11,04-03-2011,1109575.13,0,35.71,2.78,213.234,7.877
11,11-03-2011,1060113.69,0,41.54,2.8,213.294,7.706
11,18-03-2011,1172159.83,0,43.35,2.81,213.378,7.673
11,25-03-2011,1182823.35,0,49.78,2.85,213.359,7.743
11,01-04-2011,1118946.94,0,49.45,2.87,213.547,7.594
11,08-04-2011,1185013.74,0,45.38,2.78,213.701,7.676
11,15-04-2011,1198644.95,0,45.79,2.8,213.57,7.726
11,22-04-2011,1264984.1,0,60.02,2.81,213.125,7.651
11,29-04-2011,1143083.9,0,56.47,2.77,214.033,7.636
11,06-05-2011,1244356.97,0,64.74,2.74,213.917,7.437
11,13-05-2011,1204729.0,0,69.42,2.84,213.474,7.462
11,20-05-2011,1194891.05,0,69.35,2.8,214.039,7.516
11,27-05-2011,1266462.52,0,75.5,2.89,213.764,7.708
11,03-06-2011,1237123.58,0,78.91,2.77,213.069,7.659
11,10-06-2011,1272141.53,0,81.14,2.82,214.363,7.567
11,17-06-2011,1266092.22,0,83.39,2.93,213.877,7.539
11,24-06-2011,1139766.1,0,88.7,2.87,214.164,7.907
11,01-07-2011,1241436.63,0,78.43,2.85,213.791,7.548
11,08-07-2011,1184398.94,0,82.1,2.79,214.618,7.609
11,15-07-2011,1180225.01,0,87.93,2.89,214.279,7.639
11,22-07-2011,1184536.34,0,87.67,2.9,214.301,7.54
11,29-07-2011,1246501.65,0,82.81,2.89,214.432,7.493
11,05-08-2011,1091729.04,0,82.67,2.85,213.926,7.48
11,12-08-2011,1131153.62,0,88.17,2.9,213.64,7.601
11,19-08-2011,1063515.63,0,83.6,2.88,214.418,7.518
11,26-08-2011,1070061.74,0,85.54,2.88,214.857,7.614
11,02-09-2011,1083230.7,0,71.09,2.94,214.45,7.583
11,09-09-2011,1151131.81,1,71.31,2.99,214.356,7.618
11,16-09-2011,1008917.24,0,71.95,2.89,214.309,7.494
11,23-09-2011,928210.15,0,69.43,2.94,214.832,7.338
11,30-09-2011,1001688.78,0,68.21,2.87,215.035,7.462
11,07-10-2011,886736.28,0,72.73,2.9,214.843,7.429
11,14-10-2011,978631.88,0,60.26,2.83,214.719,7.594
11,21-10-2011,946319.55,0,58.33,2.98,215.203,7.426
11,28-10-2011,887640.63,0,57.67,2.87,215.036,7.476
11,04-11-2011,1011730.68,0,52.65,2.9,215.399,7.252
11,11-11-2011,1073269.93,0,48.63,2.97,215.134,7.608
11,18-11-2011,1122599.03,0,46.2,2.94,215.097,7.506
11,25-11-2011,1192237.54,1,42.01,2.95,215.626,7.191
11,02-12-2011,1156103.14,0,42.42,2.84,214.414,7.25
11,09-12-2011,1083419.05,0,40.64,2.97,215.206,7.284
11,16-12-2011,1068087.01,0,39.24,2.95,215.19,7.476
11,23-12-2011,1065867.32,0,34.13,2.92,215.805,7.364
11,30-12-2011,1267330.68,1,40.14,3.05,215.601,7.493
11,06-01-2012,949341.79,0,33.18,2.95,215.21,7.34
11,13-01-2012,888536.72,0,33.51,2.92,215.564,7.406
11,20-01-2012,928336.31,0,27.55,2.92,215.25,7.368
11,27-01-2012,976288.65,0,36.28,2.92,215.836,7.289
11,03-02-2012,916877.05,0,38.82,3.0,216.103,7.266
11,10-02-2012,1241182.54,1,34.84,3.0,215.721,7.296
11,17-02-2012,892326.88,0,36.9,2.98,215.807,7.486
11,24-02-2012,977424.37,0,37.46,2.93,215.817,7.405
11,02-03-2012,1138857.2,0,38.81,2.94,215.695,7.424
11,09-03-2012,1143840.8,0,43.36,2.91,215.706,7.302
11,16-03-2012,1135708.37,0,37.92,2.97,216.639,7.255
11,23-03-2012,1210739.77,0,51.39,2.93,216.122,7.256
11,30-03-2012,1092576.06,0,47.68,3.07,215.973,7.368
11,06-04-2012,1140798.66,0,54.35,3.02,216.142,7.309
11,13-04-2012,1062537.88,0,59.18,2.88,216.31,7.329
11,20-04-2012,1236469.62,0,55.24,2.94,216.227,7.254
11,27-04-2012,1089356.47,0,63.38,3.02,216.405,7.279
11,04-05-2012,1237310.67,0,64.22,2.91,216.585,7.123
11,11-05-2012,1196591.39,0,71.16,3.08,216.59,7.265
11,18-05-2012,1148794.52,0,72.95,3.01,217.026,7.147
11,25-05-2012,1226535.54,0,78.76,3.01,216.381,7.448
11,01-06-2012,1175123.28,0,76.6,3.04,216.85,7.166
11,08-06-2012,1228482.76,0,78.02,2.97,217.47,7.154
11,15-06-2012,1271910.72,0,79.44,3.01,216.744,7.013
11,22-06-2012,1217655.91,0,80.67,3.09,216.578,7.102
11,29-06-2012,1162751.85,0,89.27,2.99,217.162,7.248
11,06-07-2012,1196173.12,0,78.85,2.97,217.307,7.017
11,13-07-2012,1213630.59,0,85.31,3.06,217.246,7.041
11,20-07-2012,1116375.5,0,87.86,3.02,216.336,7.191
11,27-07-2012,1095328.24,0,86.65,3.12,217.222,7.217
11,03-08-2012,1143979.17,0,90.55,3.0,217.27,7.176
11,10-08-2012,1103503.88,0,87.88,3.04,217.949,7.313
11,17-08-2012,1107474.16,0,84.21,3.12,217.028,6.961
11,24-08-2012,1136634.96,0,81.51,3.05,217.444,6.845
11,31-08-2012,1036602.8,0,75.52,3.11,217.795,7.133
11,07-09-2012,1231939.29,1,70.39,3.1,217.741,7.192
11,14-09-2012,1107432.53,0,67.22,3.06,217.386,7.076
11,21-09-2012,980363.27,0,70.46,3.13,217.334,6.946
11,28-09-2012,909962.0,0,67.2,3.02,217.706,7.025
11,05-10-2012,902828.43,0,69.25,3.08,218.095,7.014
11,12-10-2012,920995.35,0,60.54,3.09,218.046,6.984
11,19-10-2012,929798.1,0,56.53,3.13,217.714,7.102
11,26-10-2012,895320.78,0,62.87,3.04,217.501,6.947
12,05-02-2010,1353790.38,0,36.08,2.58,209.884,8.14
12,12-02-2010,1713776.42,1,34.2,2.54,210.295,8.17
12,19-02-2010,1511153.72,0,36.43,2.65,210.437,8.131
12,26-02-2010,1349634.85,0,43.19,2.64,209.745,8.062
12,05-03-2010,1250592.95,0,44.59,2.6,210.175,7.997
12,12-03-2010,1382199.9,0,42.54,2.58,210.315,8.216
12,19-03-2010,1661386.12,0,46.83,2.68,210.087,7.982
12,26-03-2010,1493717.28,0,43.18,2.63,210.157,7.946
12,02-04-2010,1681706.23,0,50.23,2.55,210.717,8.06
12,09-04-2010,1658048.92,0,52.36,2.6,210.607,8.184
12,16-04-2010,1656281.12,0,57.92,2.66,210.783,8.136
12,23-04-2010,1603495.73,0,55.51,2.67,210.628,8.066
12,30-04-2010,1736386.54,0,58.57,2.72,210.665,8.131
12,07-05-2010,1613526.67,0,60.54,2.64,210.828,8.159
12,14-05-2010,1640187.25,0,61.27,2.57,211.399,7.973
12,21-05-2010,1782313.97,0,68.98,2.64,211.027,7.992
12,28-05-2010,1799710.37,0,75.51,2.68,210.815,8.132
12,04-06-2010,1798273.15,0,76.96,2.75,210.768,8.134
12,11-06-2010,1703391.91,0,75.23,2.67,211.009,7.964
12,18-06-2010,1684756.35,0,81.83,2.66,211.042,8.032
12,25-06-2010,1613789.78,0,83.23,2.64,211.916,7.891
12,02-07-2010,1581902.74,0,81.75,2.78,210.779,8.066
12,09-07-2010,1631948.91,0,85.87,2.74,211.596,7.97
12,16-07-2010,1606858.56,0,77.48,2.69,211.049,7.988
12,23-07-2010,1436155.21,0,86.59,2.6,211.387,7.876
12,30-07-2010,1477398.78,0,89.27,2.72,211.743,8.146
12,06-08-2010,1457112.07,0,89.96,2.62,211.678,7.932
12,13-08-2010,1417748.74,0,85.4,2.74,211.785,7.995
12,20-08-2010,1466669.93,0,83.69,2.71,211.729,7.985
12,27-08-2010,1486657.43,0,73.4,2.69,211.207,7.984
12,03-09-2010,1510407.33,0,76.05,2.71,211.905,7.741
12,10-09-2010,1569014.08,1,77.18,2.56,211.441,8.05
12,17-09-2010,1402456.99,0,74.77,2.76,211.855,7.987
12,24-09-2010,1286124.75,0,71.09,2.68,212.225,8.075
12,01-10-2010,1367809.55,0,66.2,2.67,212.285,7.969
12,08-10-2010,1274817.77,0,62.38,2.74,211.632,7.97
12,15-10-2010,1316048.44,0,68.46,2.76,211.599,7.918
12,22-10-2010,1340250.83,0,55.45,2.73,212.494,7.951
12,29-10-2010,1341137.81,0,53.0,2.68,212.493,7.762
12,05-11-2010,1458971.59,0,52.73,2.79,212.366,7.918
12,12-11-2010,1430289.51,0,55.02,2.94,212.445,7.874
12,19-11-2010,1356130.59,0,44.92,2.73,212.133,7.854
12,26-11-2010,1857127.97,1,49.95,2.74,211.987,7.981
12,03-12-2010,1441494.33,0,35.76,2.79,212.713,7.597
12,10-12-2010,1389571.02,0,40.19,2.79,212.307,7.748
12,17-12-2010,1511149.08,0,37.0,2.78,212.184,7.687
12,24-12-2010,1801743.21,1,38.43,2.81,212.414,7.734
12,31-12-2010,1876235.78,1,30.2,2.83,213.026,7.892
12,07-01-2011,1166526.15,0,32.24,2.76,212.297,7.701
12,14-01-2011,1267643.76,0,37.68,2.72,212.944,7.834
12,21-01-2011,1345067.8,0,37.3,2.83,212.94,7.878
12,28-01-2011,1193440.74,0,34.83,2.78,212.78,7.816
12,04-02-2011,1343633.59,0,37.54,2.77,212.688,7.873
12,11-02-2011,1597623.81,1,32.9,2.78,212.442,7.759
12,18-02-2011,1346598.86,0,36.02,2.87,212.674,7.817
12,25-02-2011,1542214.86,0,44.28,2.79,212.737,7.602
12,04-03-2011,1391355.25,0,39.16,2.76,213.035,7.72
12,11-03-2011,1485960.66,0,39.16,2.77,213.141,7.702
12,18-03-2011,1616229.21,0,47.48,2.72,213.37,7.768
12,25-03-2011,1499342.27,0,44.33,2.89,212.98,7.771
12,01-04-2011,1551139.29,0,54.37,2.9,213.525,7.641
12,08-04-2011,1647217.22,0,52.35,2.82,213.025,7.585
12,15-04-2011,1587852.38,0,59.32,2.73,213.618,7.598
12,22-04-2011,1706730.38,0,59.45,2.76,213.547,7.58
12,29-04-2011,1724416.91,0,63.86,2.82,213.758,7.562
12,06-05-2011,1530410.05,0,68.43,2.77,213.306,7.738
12,13-05-2011,1690074.42,0,64.63,2.8,213.421,7.824
12,20-05-2011,1729275.16,0,70.66,2.86,213.341,7.57
12,27-05-2011,1666917.94,0,76.68,2.83,213.879,7.637
12,03-06-2011,1644889.38,0,75.99,2.82,213.93,7.662
12,10-06-2011,1671432.97,0,74.52,2.79,214.036,7.76
12,17-06-2011,1660525.63,0,79.37,2.86,213.631,7.735
12,24-06-2011,1652675.92,0,79.81,2.84,213.87,7.727
12,01-07-2011,1607051.82,0,84.26,2.88,213.862,7.607
12,08-07-2011,1628416.46,0,78.23,2.87,214.126,7.592
12,15-07-2011,1589189.48,0,85.93,2.93,213.842,7.536
12,22-07-2011,1615845.22,0,86.91,2.89,215.078,7.624
12,29-07-2011,1625798.73,0,83.49,2.82,214.213,7.625
12,05-08-2011,1542658.93,0,85.7,2.86,214.251,7.527
12,12-08-2011,1537208.34,0,86.47,2.83,214.648,7.472
12,19-08-2011,1487984.15,0,81.02,2.96,214.35,7.547
12,26-08-2011,1466782.99,0,76.67,2.88,214.451,7.469
12,02-09-2011,1362409.87,0,82.69,2.86,214.757,7.543
12,09-09-2011,1495596.16,1,78.13,2.82,214.832,7.453
12,16-09-2011,1333388.58,0,68.45,2.9,214.977,7.414
12,23-09-2011,1264472.41,0,72.83,2.92,214.025,7.688
12,30-09-2011,1310480.97,0,71.02,2.89,214.255,7.546
12,07-10-2011,1215899.44,0,67.51,2.89,214.939,7.392
12,14-10-2011,1281060.34,0,57.61,3.02,215.594,7.625
12,21-10-2011,1284250.8,0,59.02,2.97,214.95,7.298
12,28-10-2011,1278765.81,0,60.87,2.91,214.667,7.386
12,04-11-2011,1334537.35,0,57.19,2.84,215.177,7.352
12,11-11-2011,1350170.09,0,51.51,2.9,215.398,7.301
12,18-11-2011,1389204.84,0,38.29,2.82,215.742,7.628
12,25-11-2011,1705131.38,1,42.01,2.91,215.521,7.36
12,02-12-2011,1454477.18,0,42.93,2.9,215.157,7.432
12,09-12-2011,1370625.15,0,42.71,2.91,215.409,7.533
12,16-12-2011,1436951.45,0,42.78,2.85,215.285,7.389
12,23-12-2011,1602223.0,0,29.76,2.94,215.92,7.299
12,30-12-2011,1725937.36,1,37.76,2.96,216.008,7.414
12,06-01-2012,1278887.27,0,34.16,2.91,215.527,7.245
12,13-01-2012,1248217.56,0,33.58,2.92,215.8,7.238
12,20-01-2012,1288685.56,0,33.09,3.01,215.588,7.407
12,27-01-2012,1276687.32,0,38.23,2.97,215.263,7.437
12,03-02-2012,1286073.03,0,39.01,3.0,215.586,7.236
12,10-02-2012,1608300.93,1,35.6,3.01,215.821,7.421
12,17-02-2012,1377427.25,0,39.25,2.95,216.0,7.43
12,24-02-2012,1375039.84,0,41.84,2.98,216.023,7.474
12,02-03-2012,1493646.12,0,41.93,2.99,215.831,7.276
12,09-03-2012,1461323.17,0,47.19,3.02,215.765,7.383
12,16-03-2012,1462048.54,0,42.24,3.05,216.593,7.303
12,23-03-2012,1550129.14,0,51.86,3.06,216.428,7.136
12,30-03-2012,1677328.65,0,55.82,2.97,215.957,7.311
12,06-04-2012,1527889.23,0,55.77,3.03,216.152,7.14
12,13-04-2012,1602886.84,0,55.29,3.01,215.975,7.218
12,20-04-2012,1650091.69,0,62.85,2.96,216.083,7.237
12,27-04-2012,1656104.99,0,65.05,2.98,216.579,7.377
12,04-05-2012,1642292.25,0,59.85,3.02,217.159,7.089
12,11-05-2012,1639464.43,0,68.34,3.02,216.66,7.324
12,18-05-2012,1651963.2,0,77.08,3.01,216.552,7.134
12,25-05-2012,1499523.36,0,75.62,3.12,216.851,7.262
12,01-06-2012,1616048.5,0,75.88,3.07,217.372,7.333
12,08-06-2012,1713548.11,0,79.1,3.04,216.599,7.031
12,15-06-2012,1548281.79,0,80.98,3.02,216.44,7.164
12,22-06-2012,1604734.27,0,77.61,3.02,216.841,7.098
12,29-06-2012,1692239.4,0,75.88,2.94,216.994,7.161
12,06-07-2012,1633084.43,0,82.2,2.99,217.047,7.098
12,13-07-2012,1703850.93,0,83.56,3.04,217.848,7.115
12,20-07-2012,1602406.83,0,87.58,3.08,217.248,7.145
12,27-07-2012,1542244.93,0,82.47,3.07,217.825,7.239
12,03-08-2012,1530972.5,0,87.62,3.01,217.195,7.204
12,10-08-2012,1590012.23,0,80.18,3.03,217.983,7.11
12,17-08-2012,1582932.49,0,82.83,3.07,217.293,7.187
12,24-08-2012,1517060.82,0,76.27,3.05,217.715,7.071
12,31-08-2012,1355922.05,0,82.57,3.12,217.362,7.097
12,07-09-2012,1507741.96,1,72.8,3.08,217.562,6.97
12,14-09-2012,1282539.46,0,69.73,3.1,217.018,6.958
12,21-09-2012,1180144.7,0,73.07,2.99,217.674,7.214
12,28-09-2012,1380544.23,0,61.42,3.1,217.424,6.923
12,05-10-2012,1241233.57,0,70.67,3.12,217.562,7.104
12,12-10-2012,1087420.21,0,59.78,3.05,217.856,7.005
12,19-10-2012,1195309.93,0,59.09,3.09,218.05,7.032
12,26-10-2012,1168753.06,0,58.39,3.14,217.777,7.002
